#{"env_id": "my_panda_free_space_traj", "t_start": 1584724376.8443778}
r,l,t
307.768596,1000,7.143496
378.464849,1000,11.651633
376.745317,1000,16.231574
377.811203,1000,20.752532
307.23295,1000,25.447525
365.269739,1000,29.993297
348.745639,1000,34.560436
495.148037,1000,39.052758
421.721219,1000,43.65887
