#{"env_id": "my_panda_free_space_traj", "t_start": 1584680152.7686262}
r,l,t
290.942498,1000,7.707781
373.093876,1000,12.284341
354.446564,1000,16.571912
302.203254,1000,21.120187
430.168717,1000,25.698661
328.317074,1000,30.228906
327.705178,1000,34.508243
309.823486,1000,39.003251
409.445348,1000,43.602844
