#{"env_id": "my_panda_free_space_traj", "t_start": 1586371391.2561493}
r,l,t
140.822025,500,17.279335
117.728667,500,27.896395
165.215296,500,38.569956
178.225015,500,49.039565
132.360741,500,60.345023
138.930462,500,72.001308
200.112477,500,82.564627
143.603126,500,93.115955
179.558954,500,103.820096
190.642598,500,114.542575
232.591592,500,125.089151
161.070252,500,135.684669
181.476671,500,146.229506
139.976015,500,156.63039
210.3278,500,167.060241
271.250536,500,177.502256
201.190092,500,187.68493
194.642891,500,197.87895
220.82938,500,208.681574
214.594764,500,219.240387
235.194973,500,229.472329
307.46711,500,239.672844
237.841883,500,250.150299
272.124242,500,260.392326
185.52088,500,270.737799
212.364737,500,281.218413
278.994539,500,291.383184
245.404374,500,301.49467
442.613338,500,311.733387
276.047393,500,321.672102
311.76981,500,331.717678
307.468652,500,341.63763
243.420047,500,351.800925
356.103371,500,361.727127
479.928502,500,371.576882
373.901762,500,381.776574
399.756526,500,391.643238
368.688637,500,401.540602
449.808425,500,411.353277
455.296359,500,421.440214
474.587128,500,431.260967
443.350236,500,441.158102
448.689525,500,450.922633
402.784443,500,460.657512
555.392901,500,470.442503
643.956061,500,480.441305
653.666698,500,490.331335
713.281929,500,500.20857
472.930627,500,510.320806
655.274018,500,520.122828
767.323936,500,529.830853
724.987108,500,539.564235
684.16234,500,549.4645
681.600067,500,559.14545
680.001711,500,568.906149
994.419502,500,578.94281
684.776626,500,588.741887
806.996777,500,598.731544
800.354373,500,608.801974
875.414716,500,618.561825
917.273174,500,628.314576
1211.600423,500,638.07542
1068.822072,500,648.036062
832.760112,500,657.888958
918.907639,500,667.69369
1757.614544,500,677.65565
966.161049,500,687.433925
1296.523406,500,697.387716
1370.795277,500,707.522349
1325.395348,500,717.488654
1466.611753,500,727.124238
1428.604567,500,737.782604
1718.467783,500,747.546488
