#{"env_id": "my_panda_free_space_traj", "t_start": 1584722295.7630208}
r,l,t
319.991878,1000,7.224884
442.230028,1000,11.746378
361.89923,1000,16.17401
320.826663,1000,20.623752
377.135867,1000,25.107464
328.410615,1000,29.309484
368.71569,1000,33.720085
413.898755,1000,38.210994
463.18675,1000,42.709569
