#{"env_id": "my_panda_free_space_traj", "t_start": 1584692895.2241724}
r,l,t
470.748498,1000,7.310994
267.957096,1000,11.93749
382.978997,1000,16.53853
331.336038,1000,21.382187
304.493009,1000,25.976599
290.607429,1000,30.406852
403.705966,1000,35.003686
363.584146,1000,39.578592
349.795209,1000,44.124413
