#{"env_id": "my_panda_free_space_traj", "t_start": 1584670822.9395854}
r,l,t
308.562094,1000,7.9553
307.245667,1000,14.304446
348.962032,1000,19.377038
374.532713,1000,24.547431
356.884693,1000,30.401898
263.310063,1000,35.675136
328.723125,1000,40.801914
273.515486,1000,47.064731
304.400413,1000,53.425174
343.419433,1000,59.520752
