#{"env_id": "my_panda_free_space_traj", "t_start": 1584686238.0352197}
r,l,t
424.662649,1000,7.571014
382.557557,1000,11.984351
289.635852,1000,16.609329
410.673612,1000,21.305942
437.821219,1000,25.708251
385.197645,1000,30.081579
403.099427,1000,34.589838
474.293953,1000,39.011245
542.811029,1000,43.652633
