#{"env_id": "my_panda_free_space_traj", "t_start": 1584726648.1481931}
r,l,t
353.225039,1000,7.630613
276.705798,1000,11.916852
332.092615,1000,16.407534
367.125526,1000,20.914885
429.430841,1000,25.175662
390.259232,1000,29.626632
355.023211,1000,34.137913
343.968853,1000,38.666523
322.984536,1000,43.153338
