#{"env_id": "my_panda_free_space_traj", "t_start": 1586371897.9294717}
r,l,t
280.530663,500,16.57397
376.430716,500,26.770359
206.428606,500,36.898227
215.561805,500,47.069229
185.480467,500,57.356961
222.98417,500,67.334939
233.938713,500,77.334551
134.835778,500,87.469007
271.333192,500,97.542877
249.080755,500,107.776994
459.576173,500,118.194961
518.952384,500,128.483707
924.194156,500,138.696092
1129.980954,500,149.052865
1823.074082,500,159.285534
2303.778551,500,169.790238
3435.36894,500,180.560263
409.777025,500,192.25315
1800.446265,500,203.029612
3651.896011,500,213.898281
3531.415358,500,224.825022
5763.352982,500,236.709036
4256.060431,500,247.72291
