#{"env_id": "my_panda_free_space_traj", "t_start": 1584670338.9910734}
r,l,t
341.187008,1000,8.619571
281.342399,1000,14.010677
300.233301,1000,19.152441
374.776446,1000,24.624017
401.236521,1000,30.370768
292.781859,1000,35.746439
407.283017,1000,40.814259
376.342431,1000,46.29686
369.086866,1000,51.583209
348.782224,1000,57.537615
