#{"env_id": "my_panda_free_space_traj", "t_start": 1584721230.3269856}
r,l,t
518.283773,1000,7.56179
514.712234,1000,12.010346
398.321021,1000,16.48252
321.776245,1000,21.177198
382.541116,1000,25.66879
349.31238,1000,29.9294
374.036592,1000,34.548847
358.293429,1000,39.184633
600.500333,1000,43.751026
