#{"env_id": "my_panda_free_space_traj", "t_start": 1584675728.1455116}
r,l,t
506.264232,1000,9.08651
405.53049,1000,14.479712
345.358831,1000,19.89544
425.147485,1000,25.293268
322.354648,1000,30.365554
416.715877,1000,35.698351
374.07399,1000,42.007547
381.098827,1000,47.40764
395.640447,1000,53.573573
286.807192,1000,58.731731
