#{"t_start": 1586372005.4347548, "env_id": "my_panda_free_space_traj"}
r,l,t
343.279824,500,16.49847
362.503123,500,26.359257
390.596905,500,36.35762
541.30069,500,45.967072
815.429112,500,55.522085
955.229633,500,65.011705
792.2196,500,74.464645
1138.317013,500,83.615277
1191.383789,500,94.053909
1085.661313,500,104.460876
946.820195,500,113.69991
1168.131107,500,124.216347
1243.537873,500,133.746895
