#{"env_id": "my_panda_free_space_traj", "t_start": 1584683570.4657762}
r,l,t
347.655834,1000,7.37285
423.717098,1000,12.050024
443.796955,1000,16.606597
422.798677,1000,21.485926
468.936477,1000,25.940277
356.776958,1000,30.241781
355.874379,1000,34.765942
593.043884,1000,39.284787
584.882743,1000,43.817163
