#{"env_id": "my_panda_free_space_traj", "t_start": 1586371857.2624564}
r,l,t
221.586595,500,16.778412
379.587051,500,26.89968
165.415972,500,37.610989
165.503731,500,48.073339
272.947616,500,58.672709
419.631543,500,68.935805
295.264566,500,79.10345
683.890349,500,89.299767
1116.141966,500,99.21636
1289.320996,500,109.18522
1495.86442,500,119.524821
1522.073068,500,129.709302
212.737664,500,139.864308
576.333683,500,150.155568
1912.85009,500,160.192165
1960.030319,500,170.188313
1922.990133,500,180.291934
2488.153795,500,190.70794
2755.893401,500,201.030153
1355.376095,500,211.89952
2269.270685,500,222.312187
2954.303684,500,232.858827
2822.005271,500,243.912929
2704.099812,500,255.358706
2767.149699,500,267.070875
3379.470162,500,278.503572
2793.016317,500,289.619119
