#{"env_id": "my_panda_free_space_traj", "t_start": 1584688903.0551555}
r,l,t
303.831552,1000,7.53478
328.159372,1000,12.185311
336.466534,1000,16.74831
419.37544,1000,21.417912
495.192694,1000,26.105239
432.889567,1000,30.356846
419.937791,1000,34.906637
285.09935,1000,39.493702
407.218479,1000,44.086694
