#{"env_id": "my_panda_free_space_traj", "t_start": 1584672941.0438523}
r,l,t
447.106862,1000,8.182381
293.171629,1000,13.957843
383.901548,1000,19.277892
229.195455,1000,25.294884
535.309851,1000,30.729881
450.131683,1000,35.718468
301.356535,1000,41.282989
384.321387,1000,47.6288
418.570044,1000,52.657973
247.367654,1000,59.011326
