#{"env_id": "my_panda_free_space_traj", "t_start": 1584708897.1498876}
r,l,t
412.974923,1000,7.620228
381.782782,1000,12.116543
437.960798,1000,16.675109
480.537426,1000,21.223404
446.963793,1000,25.786891
391.772849,1000,30.348432
444.075134,1000,34.885981
518.850507,1000,39.39246
594.112162,1000,43.923074
