#{"env_id": "my_panda_free_space_traj", "t_start": 1584701965.0042264}
r,l,t
453.776805,1000,7.954757
448.465477,1000,12.527457
409.379694,1000,17.404594
369.102339,1000,22.159114
540.372029,1000,26.856198
454.919765,1000,31.116205
394.15009,1000,35.643171
322.486808,1000,40.159563
376.683691,1000,44.749678
