#{"t_start": 1586391680.5058343, "env_id": "my_panda_free_space_traj"}
r,l,t
186.495871,500,16.610073
222.560554,500,26.38139
260.804699,500,36.9362
112.673387,500,46.752195
175.806131,500,56.5376
193.341195,500,67.381127
210.232714,500,79.158605
123.194079,500,89.532839
162.853724,500,99.634009
144.543357,500,109.881097
136.203613,500,121.164167
147.816837,500,133.742396
204.005272,500,143.430821
204.886519,500,153.370947
154.292151,500,163.184951
200.834243,500,173.072246
216.871011,500,182.711225
191.133385,500,192.631965
173.723906,500,204.562309
192.293523,500,214.551123
158.932448,500,224.315207
134.642621,500,235.434267
155.199271,500,246.595587
181.647374,500,258.157361
336.033645,500,268.619465
228.840663,500,280.415391
367.699189,500,292.02003
350.181017,500,301.940719
