#{"env_id": "my_panda_free_space_traj", "t_start": 1584688411.8259847}
r,l,t
414.574044,1000,7.342862
379.941527,1000,11.887111
290.270147,1000,16.461593
367.89787,1000,20.920789
478.143563,1000,25.352908
382.117915,1000,29.564096
346.709265,1000,34.171081
491.255997,1000,38.572157
537.709814,1000,43.027237
