#{"env_id": "my_panda_free_space_traj", "t_start": 1584723889.0245268}
r,l,t
312.907819,1000,7.170657
530.020471,1000,11.554428
307.910966,1000,15.948785
348.404802,1000,20.450136
367.488595,1000,24.959252
519.022916,1000,29.15847
328.137349,1000,33.615919
392.888471,1000,38.068238
309.817185,1000,42.573712
