#{"env_id": "my_panda_free_space_traj", "t_start": 1584691657.5952973}
r,l,t
319.215849,1000,7.467594
342.273157,1000,12.167252
333.287902,1000,16.695077
361.671295,1000,21.216049
408.560611,1000,25.806899
402.755107,1000,30.110813
423.470191,1000,34.728436
411.040324,1000,39.411067
487.722542,1000,44.029216
