#{"env_id": "my_panda_free_space_traj", "t_start": 1584713863.378872}
r,l,t
414.20763,1000,7.17276
349.593342,1000,11.681922
493.82944,1000,16.281325
435.179387,1000,20.839157
296.828405,1000,25.463169
391.144409,1000,29.763509
352.731729,1000,34.329764
565.662471,1000,38.80582
544.531422,1000,43.41272
