#{"env_id": "my_panda_free_space_traj", "t_start": 1584705553.972444}
r,l,t
305.189929,1000,7.682547
313.860323,1000,12.610216
356.795478,1000,17.520718
353.937913,1000,22.567408
343.212171,1000,27.55799
291.672701,1000,32.352254
332.38287,1000,37.415141
305.292863,1000,42.357386
270.320903,1000,47.564681
