#{"t_start": 1585768210.5162258, "env_id": "my_panda_free_space_traj"}
r,l,t
211.492802,500,13.173436
134.930414,500,24.183858
179.498921,500,35.291007
220.413119,500,46.390493
186.573366,500,56.819534
121.384298,500,67.701911
