#{"t_start": 1585768211.3094687, "env_id": "my_panda_free_space_traj"}
r,l,t
269.475534,500,13.084256
140.529238,500,24.254848
113.126606,500,35.366422
216.545917,500,46.317484
186.004376,500,57.041034
288.227563,500,67.629851
