#{"t_start": 1585768212.1488695, "env_id": "my_panda_free_space_traj"}
r,l,t
370.717262,500,13.117389
266.134378,500,24.085276
322.518698,500,35.403602
217.244083,500,46.393538
188.535547,500,56.947833
