#{"env_id": "my_panda_free_space_traj", "t_start": 1584690674.0211155}
r,l,t
475.719926,1000,7.304996
386.40697,1000,11.888093
445.611435,1000,16.345392
452.508006,1000,20.850722
548.930315,1000,25.423144
401.368732,1000,29.794578
475.186431,1000,34.297816
435.056711,1000,38.760489
424.259027,1000,43.326673
