#{"env_id": "my_panda_free_space_traj", "t_start": 1584708544.14768}
r,l,t
549.386698,1000,7.209162
467.790551,1000,11.737303
325.701905,1000,16.352469
435.376451,1000,21.09249
465.185231,1000,25.743924
417.946631,1000,30.094545
438.44652,1000,34.796788
600.341374,1000,39.271696
375.841605,1000,43.875152
