#{"env_id": "my_panda_free_space_traj", "t_start": 1584694273.5005746}
r,l,t
564.74384,1000,7.574924
575.850931,1000,12.129383
506.464475,1000,16.716951
286.480216,1000,21.337147
418.370915,1000,25.970217
377.875179,1000,30.296351
322.34732,1000,34.86675
305.066225,1000,39.512816
330.691543,1000,44.207128
