#{"env_id": "my_panda_free_space_traj", "t_start": 1584712520.3166296}
r,l,t
306.894996,1000,7.671276
472.993419,1000,12.079844
323.860995,1000,16.895676
443.43783,1000,21.585848
506.056004,1000,25.891307
477.692587,1000,30.395704
363.039352,1000,35.012491
328.360017,1000,39.526441
575.113805,1000,44.094291
