#{"env_id": "my_panda_free_space_traj", "t_start": 1584716730.7891936}
r,l,t
392.393289,1000,7.931995
439.98463,1000,12.328879
395.289441,1000,17.005344
443.888834,1000,21.879674
426.387705,1000,26.285248
281.589078,1000,30.895699
378.01058,1000,35.481472
321.006676,1000,40.441996
489.912936,1000,44.983139
