#{"env_id": "my_panda_free_space_traj", "t_start": 1584685793.599393}
r,l,t
458.783064,1000,7.168288
339.945835,1000,11.595121
415.555927,1000,16.131299
380.655892,1000,20.85286
297.99668,1000,25.377124
333.145483,1000,29.610321
387.408492,1000,34.133262
362.08565,1000,38.661069
284.763062,1000,43.170736
