#{"env_id": "my_panda_free_space_traj", "t_start": 1584695112.2018669}
r,l,t
395.760182,1000,7.59651
489.621523,1000,12.053951
383.163822,1000,16.592732
433.911947,1000,21.358656
345.100554,1000,25.792042
318.161461,1000,30.227535
351.95655,1000,34.909292
327.244667,1000,39.534243
304.895197,1000,44.155025
