#{"env_id": "my_panda_free_space_traj", "t_start": 1584709587.0869493}
r,l,t
455.426368,1000,7.729818
384.577332,1000,12.357217
289.892577,1000,17.195187
387.694549,1000,21.829622
502.600067,1000,26.162697
353.045489,1000,30.833509
375.081487,1000,35.530016
290.982487,1000,40.258214
303.737657,1000,44.967783
