#{"env_id": "my_panda_free_space_traj", "t_start": 1584673908.4074483}
r,l,t
309.893098,1000,8.07726
358.152867,1000,13.436481
351.44751,1000,19.225673
441.88926,1000,25.459607
349.270248,1000,30.851039
386.030796,1000,36.910656
440.428242,1000,42.099363
288.81697,1000,47.416775
351.193561,1000,53.333009
353.820744,1000,59.450643
