#{"env_id": "my_panda_free_space_traj", "t_start": 1584706376.6946561}
r,l,t
324.459881,1000,7.499333
106.806074,1000,13.755957
104.710222,1000,19.536052
319.09012,1000,24.248782
62.00299,1000,30.549643
39.885069,1000,36.35288
134.443849,1000,41.194995
145.645353,1000,45.928728
153.169488,1000,50.62253
