#{"env_id": "my_panda_free_space_traj", "t_start": 1584717526.2183611}
r,l,t
330.763484,1000,7.327745
377.553512,1000,11.887194
479.037309,1000,16.487995
280.507359,1000,21.104706
342.027195,1000,25.847562
393.791867,1000,30.094836
479.716018,1000,34.561432
329.421683,1000,39.209748
316.046994,1000,43.900295
