#{"env_id": "my_panda_free_space_traj", "t_start": 1584687620.0281763}
r,l,t
372.213472,1000,7.157164
453.15696,1000,11.658467
490.77815,1000,16.142282
314.200052,1000,20.597931
477.638049,1000,25.120583
370.152972,1000,29.317476
466.488336,1000,33.908713
483.308333,1000,38.461861
456.406096,1000,42.966686
