#{"env_id": "my_panda_free_space_traj", "t_start": 1584690968.374501}
r,l,t
419.221773,1000,8.267368
432.552808,1000,12.742409
384.034152,1000,17.419783
437.179681,1000,22.200773
466.650859,1000,26.539698
361.624617,1000,31.188971
429.217689,1000,35.85682
622.310584,1000,40.606762
341.775216,1000,45.215796
