#{"env_id": "my_panda_free_space_traj", "t_start": 1584709389.9144483}
r,l,t
280.330537,1000,7.387971
329.344533,1000,11.91762
450.01471,1000,16.438263
386.676841,1000,20.877986
467.53112,1000,25.430658
555.436925,1000,29.633419
623.229288,1000,34.098067
790.234925,1000,38.513196
887.632778,1000,43.198628
