#{"env_id": "my_panda_free_space_traj", "t_start": 1584722008.2289479}
r,l,t
504.819243,1000,7.452109
459.298263,1000,11.651887
335.50985,1000,16.120557
497.883871,1000,20.601108
307.335273,1000,24.838313
340.33563,1000,29.266744
252.055407,1000,33.734679
572.872389,1000,38.217115
344.244326,1000,42.68469
