#{"env_id": "my_panda_free_space_traj", "t_start": 1584710630.2876217}
r,l,t
497.42267,1000,7.256397
472.932002,1000,11.805579
567.906095,1000,16.267477
465.824917,1000,20.828576
624.948356,1000,25.137106
495.713658,1000,29.842386
499.272008,1000,34.602168
566.269288,1000,39.111143
702.763055,1000,43.789116
