#{"env_id": "my_panda_free_space_traj", "t_start": 1584711225.1742532}
r,l,t
501.362678,1000,7.261331
243.632737,1000,11.81177
358.31626,1000,16.509436
269.31389,1000,21.496278
296.957626,1000,25.897448
398.793831,1000,30.718854
441.53739,1000,35.466855
265.780653,1000,40.278741
303.653353,1000,45.087945
