#{"env_id": "my_panda_free_space_traj", "t_start": 1584704647.4182088}
r,l,t
214.001939,1000,7.196909
58.61818,1000,11.165176
32.569882,1000,15.556023
4.157348,1000,19.830841
38.470355,1000,23.895377
46.428954,1000,28.185387
41.733627,1000,32.475912
45.759387,1000,36.919377
33.916184,1000,41.213925
