#{"env_id": "my_panda_free_space_traj", "t_start": 1584713466.4685922}
r,l,t
306.893615,1000,7.295088
335.297168,1000,11.826859
317.783753,1000,16.426593
439.623237,1000,21.038359
393.105884,1000,25.62915
389.254275,1000,30.006273
302.524675,1000,34.700041
535.892551,1000,39.325501
514.904964,1000,43.946291
