#{"env_id": "my_panda_free_space_traj", "t_start": 1584675607.5905752}
r,l,t
382.272112,1000,8.464713
282.522202,1000,13.910661
348.221543,1000,20.30608
362.456113,1000,25.380619
383.947928,1000,30.699517
371.34778,1000,36.370489
305.915335,1000,42.760547
340.406984,1000,48.410498
467.161055,1000,53.537978
337.175021,1000,59.635208
