#{"env_id": "my_panda_free_space_traj", "t_start": 1584709537.7358887}
r,l,t
300.845224,1000,7.807924
349.569741,1000,12.147318
367.757812,1000,16.772372
447.053342,1000,21.542152
472.4926,1000,25.881345
422.79702,1000,30.436953
451.657683,1000,35.071738
388.338844,1000,39.621837
497.303368,1000,44.08358
