#{"env_id": "my_panda_free_space_traj", "t_start": 1584686287.104152}
r,l,t
441.445196,1000,8.076303
410.2295,1000,12.647281
348.28399,1000,17.408377
454.784511,1000,22.342257
360.638826,1000,27.055431
343.734059,1000,31.934044
375.871438,1000,36.85112
477.952553,1000,41.613455
359.11329,1000,46.325508
