#{"env_id": "my_panda_free_space_traj", "t_start": 1584715197.756301}
r,l,t
328.557556,1000,7.625411
406.342678,1000,12.462354
416.089453,1000,17.350711
435.221388,1000,22.108824
322.200619,1000,26.708513
509.50126,1000,30.936154
322.497574,1000,35.442937
554.934163,1000,39.950035
497.454234,1000,44.417036
