#{"env_id": "my_panda_free_space_traj", "t_start": 1586391460.728289}
r,l,t
167.862541,500,16.585772
172.82485,500,27.302289
184.787647,500,37.793427
231.224628,500,48.021677
145.944508,500,58.063662
226.306225,500,69.030222
195.698769,500,79.924331
156.287762,500,89.847951
123.206367,500,99.719523
207.655327,500,109.793361
147.812892,500,119.758146
243.293,500,129.808657
259.907677,500,139.547979
202.457657,500,149.285511
303.862517,500,159.011839
424.944976,500,168.861167
890.291052,500,178.528689
515.047359,500,188.228463
1335.156042,500,198.290473
2008.617757,500,208.380867
2664.65087,500,218.628066
2555.433777,500,228.794355
2743.794987,500,239.136349
2857.758187,500,250.137602
1741.996909,500,260.691972
2817.632755,500,271.06427
2747.195379,500,281.663162
3070.563359,500,291.848247
3127.395684,500,302.224038
3132.664232,500,312.461283
3356.843184,500,322.676227
3729.065143,500,332.938493
4446.302145,500,343.468179
3960.132263,500,353.710547
4665.866805,500,363.985753
4259.642389,500,374.578805
4926.056366,500,384.783767
4730.931917,500,395.009983
4751.718592,500,406.13064
5610.540464,500,417.478179
5191.369185,500,427.801466
5557.390547,500,439.881023
5293.569284,500,450.490607
5502.367113,500,460.932799
5826.558764,500,471.34208
5486.292335,500,481.869198
6287.658792,500,492.10116
5685.717,500,502.505302
5513.968241,500,513.11718
