#{"env_id": "my_panda_free_space_traj", "t_start": 1584692745.9369674}
r,l,t
299.431967,1000,7.638897
305.926278,1000,12.218906
306.602819,1000,16.911801
304.165633,1000,21.629164
310.752308,1000,25.932538
439.294279,1000,30.528177
373.61205,1000,35.131288
392.840814,1000,39.814457
404.216437,1000,44.437967
