#{"env_id": "my_panda_free_space_traj", "t_start": 1584694522.248406}
r,l,t
432.655978,1000,7.500789
249.204825,1000,11.88914
259.531349,1000,16.571325
351.751673,1000,21.156305
416.029858,1000,25.676362
424.584317,1000,30.302608
303.418305,1000,34.80725
405.804548,1000,39.337594
362.186073,1000,43.957713
