#{"env_id": "my_panda_free_space_traj", "t_start": 1584678855.3336785}
r,l,t
405.56297,1000,7.964249
342.591926,1000,13.168926
325.176353,1000,18.241112
385.205283,1000,23.497761
442.041331,1000,29.580091
270.117433,1000,34.890151
513.466774,1000,39.845757
398.130733,1000,45.116132
301.727944,1000,50.416682
478.968141,1000,55.744637
