#{"env_id": "my_panda_free_space_traj", "t_start": 1584706017.207089}
r,l,t
207.590647,1000,8.150239
62.691842,1000,13.275383
64.357507,1000,18.61068
73.196301,1000,24.257347
66.807097,1000,29.896545
65.89091,1000,35.06573
61.309767,1000,40.403833
66.666908,1000,45.965338
65.701822,1000,51.835182
