#{"env_id": "my_panda_free_space_traj", "t_start": 1584710531.1964822}
r,l,t
421.401329,1000,7.474176
509.939168,1000,12.026187
489.60799,1000,16.643045
395.978013,1000,21.245204
597.874426,1000,25.869879
386.213545,1000,30.111577
407.249323,1000,34.607726
559.839341,1000,39.174566
477.407035,1000,43.728709
