#{"env_id": "my_panda_free_space_traj", "t_start": 1584702912.232495}
r,l,t
307.135249,1000,7.457174
379.894057,1000,11.768157
293.588878,1000,16.221318
494.723174,1000,20.782129
318.333919,1000,25.113347
379.336246,1000,29.651438
407.426329,1000,34.180224
448.40532,1000,38.692096
339.613825,1000,43.194292
