#{"env_id": "my_panda_free_space_traj", "t_start": 1584712967.7072165}
r,l,t
363.956752,1000,7.527259
312.810574,1000,12.109375
360.776791,1000,16.633149
489.150212,1000,21.40387
349.489908,1000,25.997244
322.226812,1000,30.33724
347.075858,1000,34.963358
394.939053,1000,39.69971
397.402231,1000,44.409746
