#{"env_id": "my_panda_free_space_traj", "t_start": 1584726167.8661587}
r,l,t
316.796689,1000,7.128305
331.105813,1000,11.619603
451.242856,1000,16.05869
557.348992,1000,20.520288
374.613456,1000,25.118571
336.519245,1000,29.334352
381.761661,1000,33.776062
549.407635,1000,38.228971
340.292197,1000,42.696407
