#{"env_id": "my_panda_free_space_traj", "t_start": 1586391802.546477}
r,l,t
148.977909,500,16.96685
167.320853,500,27.178363
132.893301,500,37.428252
153.242032,500,47.541779
273.194791,500,57.732918
464.717665,500,67.62001
786.891735,500,78.422532
570.446683,500,90.596329
1003.922375,500,102.370833
1277.468576,500,113.720788
1212.590837,500,123.84019
1321.457352,500,134.290046
1371.560813,500,144.101372
1854.672972,500,153.845855
1540.201336,500,164.067471
1784.840363,500,174.03089
