#{"env_id": "my_panda_free_space_traj", "t_start": 1584707444.0899572}
r,l,t
390.717765,1000,7.521621
397.407661,1000,12.023934
399.310504,1000,16.652525
317.427549,1000,21.214647
266.570447,1000,25.778155
255.709395,1000,30.094486
341.573265,1000,34.73086
367.747461,1000,39.229999
421.394752,1000,43.806802
