#{"env_id": "my_panda_free_space_traj", "t_start": 1584701217.145374}
r,l,t
459.892881,1000,7.203804
311.870679,1000,11.711798
239.816701,1000,16.287885
418.2267,1000,20.763757
287.869224,1000,25.325197
585.182071,1000,29.733772
385.66176,1000,34.274404
396.581536,1000,38.873214
518.487749,1000,43.540869
