#{"env_id": "my_panda_free_space_traj", "t_start": 1584718753.374108}
r,l,t
372.824435,1000,7.162917
372.95735,1000,11.700262
368.477707,1000,16.168846
379.177651,1000,20.598531
385.568314,1000,24.999133
391.806663,1000,29.316182
345.588287,1000,33.845022
436.11099,1000,38.356182
348.102281,1000,42.874649
