#{"env_id": "my_panda_free_space_traj", "t_start": 1584695259.4179404}
r,l,t
338.419084,1000,7.262953
657.369085,1000,12.019001
364.350542,1000,16.577638
516.165692,1000,21.240146
330.777997,1000,25.757518
413.756567,1000,30.226006
381.361427,1000,34.908244
357.057796,1000,39.435321
461.093395,1000,44.204889
