#{"env_id": "my_panda_free_space_traj", "t_start": 1584692500.2309706}
r,l,t
389.766721,1000,7.367304
282.792509,1000,11.954947
361.459716,1000,16.438998
332.773568,1000,20.903746
372.98668,1000,25.418802
462.830324,1000,29.723046
288.031457,1000,34.400028
438.874912,1000,39.091995
376.830554,1000,43.585116
