#{"env_id": "my_panda_free_space_traj", "t_start": 1584705042.620584}
r,l,t
336.846648,1000,7.754021
238.701514,1000,12.731442
267.122195,1000,17.535507
309.126463,1000,22.424341
401.599389,1000,27.370063
405.924033,1000,31.883886
321.855639,1000,36.893114
347.778568,1000,41.680346
270.55697,1000,46.354161
