#{"env_id": "my_panda_free_space_traj", "t_start": 1584698937.9057744}
r,l,t
291.118489,1000,7.412127
344.857657,1000,12.18441
402.53358,1000,16.834047
411.402047,1000,21.520286
373.280937,1000,26.423482
430.87141,1000,31.008367
468.06261,1000,35.804169
502.194676,1000,40.658303
306.990413,1000,45.296482
