#{"env_id": "my_panda_free_space_traj", "t_start": 1584669179.152299}
r,l,t
363.163268,1000,8.497669
452.669009,1000,14.114452
388.886886,1000,20.398552
474.683834,1000,26.411803
362.128308,1000,32.841241
410.377126,1000,39.289497
338.270766,1000,45.770539
455.863147,1000,52.077719
217.469891,1000,58.076347
301.476286,1000,63.441554
