#{"env_id": "my_panda_free_space_traj", "t_start": 1584690722.866038}
r,l,t
309.107265,1000,7.397896
308.101567,1000,12.197541
434.104707,1000,16.721836
397.093809,1000,21.455893
460.271438,1000,26.038033
319.293423,1000,30.460563
558.477296,1000,34.918242
394.721985,1000,39.411574
400.228647,1000,43.926255
