#{"env_id": "my_panda_free_space_traj", "t_start": 1584701316.4873502}
r,l,t
360.573925,1000,7.393876
496.741222,1000,11.982484
477.508748,1000,16.686686
468.215731,1000,21.580808
431.953724,1000,26.282167
388.715352,1000,30.575634
362.425425,1000,35.284369
339.179671,1000,39.80888
375.923705,1000,44.338128
