#{"env_id": "my_panda_free_space_traj", "t_start": 1584702514.9889023}
r,l,t
381.861692,1000,7.398072
397.867869,1000,11.930486
286.91839,1000,16.434367
376.074263,1000,20.977054
386.326645,1000,25.827005
396.439812,1000,30.117866
402.489793,1000,34.705762
457.94525,1000,39.174973
607.348516,1000,43.686605
