#{"env_id": "my_panda_free_space_traj", "t_start": 1584690230.5963137}
r,l,t
336.583644,1000,7.298813
425.69963,1000,11.977657
352.257272,1000,16.428748
541.317791,1000,21.300516
328.576162,1000,26.013242
406.259707,1000,30.268538
455.548267,1000,35.104952
296.689212,1000,39.806314
314.321159,1000,44.532225
