#{"env_id": "my_panda_free_space_traj", "t_start": 1584673786.5884225}
r,l,t
468.782583,1000,8.84738
298.702543,1000,14.884619
363.022501,1000,20.077974
366.28792,1000,25.383108
482.358236,1000,31.243105
405.033246,1000,36.545949
383.831636,1000,42.30414
380.223656,1000,47.525114
386.936737,1000,52.817372
323.456539,1000,58.602855
