#{"env_id": "my_panda_free_space_traj", "t_start": 1584703807.1586614}
r,l,t
414.39243,1000,7.647002
402.167695,1000,12.428691
386.443005,1000,17.159499
305.233046,1000,21.951673
330.330965,1000,26.710603
463.025927,1000,31.249767
428.027023,1000,35.968212
310.416719,1000,40.736406
269.336043,1000,45.38454
