#{"env_id": "my_panda_free_space_traj", "t_start": 1586391486.4108572}
r,l,t
156.932799,500,16.587083
111.91151,500,26.691651
278.403214,500,37.190778
193.245926,500,48.637046
439.948274,500,58.970631
977.145569,500,69.202603
1079.11374,500,79.055576
1237.886328,500,88.90414
1186.308976,500,98.871669
1783.071257,500,109.206843
1897.476563,500,119.522687
2155.477696,500,129.858307
3436.882889,500,140.387072
2378.791521,500,150.760324
3177.565837,500,161.211613
3618.552348,500,171.675848
3974.627027,500,182.278786
3858.455478,500,192.676204
4564.581845,500,203.107619
3717.219354,500,213.852183
5744.151737,500,225.394109
4968.573258,500,235.714397
5500.682894,500,246.31384
6131.507454,500,257.855594
6554.539423,500,269.03758
7812.750566,500,280.248083
6544.395293,500,290.84847
6497.305607,500,301.420789
7510.416255,500,312.21492
6129.018887,500,322.921307
6645.690877,500,333.351179
6613.220765,500,343.891626
6834.874151,500,354.424172
7787.775676,500,365.214077
6608.142043,500,376.0966
7358.442723,500,387.417847
6980.930201,500,398.640828
7179.192623,500,410.638994
7494.60118,500,422.09475
7071.66206,500,432.876185
7567.342492,500,443.328952
7664.47007,500,453.813857
9122.055066,500,464.582357
7603.776065,500,474.865422
9500.945688,500,485.279472
7918.35258,500,495.608722
