#{"env_id": "my_panda_free_space_traj", "t_start": 1586370076.6296186}
r,l,t
217.736863,500,18.166552
234.163417,500,29.269299
254.358725,500,39.62218
