#{"env_id": "my_panda_free_space_traj", "t_start": 1584687031.8660195}
r,l,t
457.816239,1000,7.285467
282.642749,1000,11.827075
363.947435,1000,16.336064
595.34189,1000,20.838241
515.382321,1000,25.318783
388.028637,1000,29.523093
369.985307,1000,34.084218
522.122999,1000,38.934631
313.605085,1000,43.514512
