#{"env_id": "my_panda_free_space_traj", "t_start": 1584712370.4941537}
r,l,t
315.931783,1000,7.572688
406.669963,1000,12.383971
467.592885,1000,17.162025
353.074009,1000,21.896651
504.178975,1000,26.755197
382.487504,1000,31.211592
441.683827,1000,35.81923
432.258758,1000,40.578799
479.826576,1000,45.133518
