#{"env_id": "my_panda_free_space_traj", "t_start": 1584711875.4661717}
r,l,t
444.179119,1000,7.595477
306.729576,1000,11.955156
360.036494,1000,16.642035
269.695886,1000,21.29182
399.461476,1000,25.648439
317.067304,1000,30.196101
348.8392,1000,34.925605
388.41204,1000,39.557209
363.770888,1000,44.277635
