#{"env_id": "my_panda_free_space_traj", "t_start": 1584674519.474247}
r,l,t
304.891491,1000,8.355693
426.841868,1000,13.734189
329.771581,1000,19.800094
417.653378,1000,25.130073
313.8871,1000,30.149626
242.142711,1000,36.531705
319.339152,1000,41.955602
393.850854,1000,48.367984
402.569949,1000,54.474957
436.960617,1000,59.553563
