#{"env_id": "my_panda_free_space_traj", "t_start": 1584704179.3194413}
r,l,t
379.525265,1000,8.02791
163.401798,1000,13.23824
346.899906,1000,18.280994
194.304192,1000,23.594368
209.380608,1000,28.852102
210.339377,1000,33.813032
269.956329,1000,38.861487
232.27058,1000,43.87845
212.648051,1000,49.124509
