#{"env_id": "my_panda_free_space_traj", "t_start": 1584697390.8355486}
r,l,t
286.933398,1000,7.357066
525.014973,1000,11.904107
369.10638,1000,16.619287
364.745909,1000,21.294558
408.725069,1000,25.765765
430.163792,1000,30.272043
385.556462,1000,34.797162
403.609391,1000,39.371981
379.06463,1000,43.943207
