#{"env_id": "my_panda_free_space_traj", "t_start": 1584718414.8639588}
r,l,t
426.815369,1000,7.411201
437.652852,1000,11.67786
303.873285,1000,16.248966
369.852456,1000,20.799663
272.571257,1000,25.028851
271.08291,1000,29.583878
515.188642,1000,34.056768
320.431048,1000,38.695161
406.318235,1000,43.120881
