#{"env_id": "my_panda_free_space_traj", "t_start": 1584704288.7806954}
r,l,t
235.806072,1000,7.878024
201.060503,1000,12.841423
300.313219,1000,17.913392
126.479868,1000,24.081444
219.608038,1000,29.029491
152.250562,1000,34.037474
165.341469,1000,39.471232
197.009213,1000,44.370327
188.722453,1000,49.366107
