#{"env_id": "my_panda_free_space_traj", "t_start": 1584712174.675782}
r,l,t
358.548178,1000,7.32081
404.54762,1000,11.86715
444.585328,1000,16.337605
318.888408,1000,20.84429
445.026386,1000,25.317038
628.38869,1000,29.778788
566.118978,1000,34.305892
491.94912,1000,38.802094
667.435523,1000,43.322533
