#{"env_id": "my_panda_free_space_traj", "t_start": 1584673478.366688}
r,l,t
319.178709,1000,8.320205
332.685509,1000,14.579827
314.842048,1000,19.850132
337.544709,1000,26.085805
376.453808,1000,31.265822
443.797943,1000,36.518201
266.658103,1000,41.935786
348.493465,1000,47.209204
417.376864,1000,53.295888
282.90274,1000,58.750317
