#{"env_id": "my_panda_free_space_traj", "t_start": 1584713367.375402}
r,l,t
328.698678,1000,7.509887
395.123358,1000,12.268513
251.950374,1000,16.993143
301.219153,1000,21.866021
512.250598,1000,26.57131
360.385005,1000,30.950197
393.565701,1000,35.422647
427.029999,1000,39.892841
534.518562,1000,44.409945
