#{"env_id": "my_panda_free_space_traj", "t_start": 1584719920.473612}
r,l,t
322.715067,1000,7.09532
309.058974,1000,11.595696
360.701929,1000,16.044869
390.482289,1000,20.600566
473.314165,1000,25.072027
399.046792,1000,29.385506
425.123764,1000,33.884933
295.922431,1000,38.324891
290.507331,1000,42.929135
