#{"env_id": "my_panda_free_space_traj", "t_start": 1584724229.9798257}
r,l,t
470.775996,1000,7.651114
351.813936,1000,11.974604
483.968674,1000,16.411034
452.552064,1000,20.995532
368.160779,1000,25.259434
325.041382,1000,29.731603
436.155306,1000,34.244153
431.505543,1000,38.790433
509.677978,1000,43.252355
