#{"env_id": "my_panda_free_space_traj", "t_start": 1584715640.5750918}
r,l,t
245.541184,1000,7.655329
489.392082,1000,12.430648
353.675443,1000,16.997755
502.393736,1000,21.536278
374.907397,1000,26.15513
378.993296,1000,30.371033
439.744745,1000,34.973713
378.52771,1000,39.631125
429.017654,1000,44.11411
