#{"env_id": "my_panda_free_space_traj", "t_start": 1584712867.9334311}
r,l,t
248.930946,1000,7.699314
305.875837,1000,12.469209
298.643213,1000,17.242652
396.849481,1000,22.090533
387.318168,1000,26.739059
372.611463,1000,31.028167
465.444647,1000,35.610176
490.328616,1000,40.166565
407.428737,1000,44.701393
