#{"env_id": "my_panda_free_space_traj", "t_start": 1584682965.8881888}
r,l,t
288.509855,1000,7.78079
426.882977,1000,13.02015
295.189774,1000,18.075117
494.390492,1000,23.130518
292.609611,1000,27.997741
325.847453,1000,32.693998
315.741917,1000,37.665045
404.462208,1000,42.751999
309.085556,1000,47.729359
