#{"env_id": "my_panda_free_space_traj", "t_start": 1584681380.4066288}
r,l,t
213.731158,1000,7.841978
161.074848,1000,12.808922
215.236352,1000,17.963856
144.54826,1000,23.059143
243.557576,1000,27.846936
176.118837,1000,32.964378
209.108526,1000,37.998594
211.559818,1000,43.012103
227.52964,1000,48.121174
