#{"env_id": "my_panda_free_space_traj", "t_start": 1584708147.7983046}
r,l,t
349.54965,1000,7.240686
598.936735,1000,11.84198
293.986791,1000,16.452353
430.896546,1000,20.991717
547.441977,1000,25.768956
305.817006,1000,30.081054
505.383015,1000,34.693226
709.438969,1000,39.250766
356.161283,1000,43.816197
