#{"env_id": "my_panda_free_space_traj", "t_start": 1584692104.0271866}
r,l,t
313.33275,1000,7.826947
376.225304,1000,12.411821
374.647816,1000,16.980022
449.454177,1000,21.630382
411.472236,1000,26.029973
370.542179,1000,30.599374
513.080467,1000,35.174829
379.273797,1000,39.765592
299.587757,1000,44.64958
