#{"env_id": "my_panda_free_space_traj", "t_start": 1584679208.1828392}
r,l,t
366.83668,1000,7.952379
349.035772,1000,13.188936
349.613283,1000,18.434343
499.265118,1000,23.664861
399.67847,1000,28.719423
396.568276,1000,33.998468
326.598456,1000,39.696054
361.493389,1000,46.056504
329.574101,1000,51.365268
331.179448,1000,56.367388
