#{"env_id": "my_panda_free_space_traj", "t_start": 1584716287.2528465}
r,l,t
316.211052,1000,7.508974
432.837616,1000,12.061778
314.519244,1000,16.575875
289.992392,1000,21.189019
279.483466,1000,25.729134
357.986925,1000,30.074143
340.058254,1000,34.745152
338.424136,1000,39.506386
393.360444,1000,44.168107
