#{"env_id": "my_panda_free_space_traj", "t_start": 1584705506.0141835}
r,l,t
263.199355,1000,7.161048
286.814537,1000,11.676536
272.686766,1000,16.035926
203.580341,1000,20.716525
202.819739,1000,25.226865
239.982238,1000,29.602024
285.197913,1000,34.045318
223.762208,1000,38.470798
198.398252,1000,42.821764
