#{"env_id": "my_panda_free_space_traj", "t_start": 1584680249.093533}
r,l,t
390.001666,1000,7.345407
412.641374,1000,12.020991
343.244436,1000,16.554751
329.718286,1000,21.008671
401.876158,1000,25.541197
363.151737,1000,30.115102
332.180795,1000,34.723728
528.115871,1000,39.073815
389.697105,1000,43.7235
