#{"env_id": "my_panda_free_space_traj", "t_start": 1584718365.9728844}
r,l,t
450.717417,1000,7.613458
412.405192,1000,12.187733
423.087125,1000,16.738489
377.409271,1000,21.388391
431.04337,1000,25.672863
445.223638,1000,30.162912
488.668519,1000,34.710137
472.730105,1000,39.199524
339.115942,1000,43.67925
