#{"env_id": "my_panda_free_space_traj", "t_start": 1584717920.9647422}
r,l,t
390.466996,1000,7.45779
355.559274,1000,11.783175
470.411968,1000,16.436324
299.04064,1000,21.125579
293.602511,1000,25.392329
311.737238,1000,29.966938
337.812494,1000,34.699281
348.363306,1000,39.685688
355.213906,1000,44.596478
