#{"env_id": "my_panda_free_space_traj", "t_start": 1584697143.2902408}
r,l,t
413.754729,1000,7.587012
458.504169,1000,12.397796
374.78766,1000,16.966975
377.635967,1000,21.921513
315.280576,1000,26.60938
279.388861,1000,30.95079
266.62463,1000,35.540889
373.926443,1000,40.118322
376.536283,1000,44.75215
