#{"env_id": "my_panda_free_space_traj", "t_start": 1584674580.855259}
r,l,t
360.222898,1000,8.742931
514.555817,1000,14.067608
387.504956,1000,20.029036
342.675178,1000,25.806021
380.202534,1000,32.090883
309.842364,1000,37.38361
364.011455,1000,42.601447
272.961142,1000,47.835876
330.152871,1000,52.96807
365.351518,1000,58.137571
