#{"env_id": "my_panda_free_space_traj", "t_start": 1584675364.582344}
r,l,t
325.543945,1000,8.205421
405.118945,1000,13.465668
463.819667,1000,18.753047
449.744787,1000,24.981912
390.82158,1000,30.262138
458.963055,1000,35.255687
326.453867,1000,40.55777
407.901015,1000,46.574326
329.842028,1000,52.436805
570.60685,1000,57.750305
