#{"env_id": "my_panda_free_space_traj", "t_start": 1586388647.775748}
r,l,t
186.943433,500,17.224756
137.07996,500,27.758744
265.156028,500,38.431469
172.019114,500,48.871908
383.125289,500,59.119262
136.071578,500,70.679673
333.04037,500,81.523381
204.645319,500,92.574294
182.281976,500,102.681869
242.286335,500,113.060356
