#{"env_id": "my_panda_free_space_traj", "t_start": 1584703557.593518}
r,l,t
439.692245,1000,7.631858
456.870049,1000,12.33434
316.37258,1000,16.993751
326.689281,1000,21.626199
365.741577,1000,26.369141
318.840531,1000,30.910411
485.120663,1000,35.785449
300.553855,1000,40.431925
514.12993,1000,45.215416
