#{"env_id": "my_panda_free_space_traj", "t_start": 1584707848.171544}
r,l,t
277.636739,1000,7.499545
268.122285,1000,12.035314
338.406409,1000,16.660169
402.439514,1000,21.236225
362.712474,1000,25.916312
482.7442,1000,30.39089
326.074826,1000,34.907244
325.030173,1000,39.721111
430.87126,1000,44.565618
