#{"env_id": "my_panda_free_space_traj", "t_start": 1584683167.8151572}
r,l,t
393.700043,1000,7.755983
139.606604,1000,12.661124
177.224434,1000,17.756599
152.82514,1000,22.732892
184.260111,1000,27.302609
203.306944,1000,32.14964
352.472257,1000,36.868026
235.368024,1000,41.644967
241.254175,1000,46.318655
