#{"env_id": "my_panda_free_space_traj", "t_start": 1584695556.3917303}
r,l,t
435.511989,1000,7.170976
381.534439,1000,11.98035
344.546819,1000,16.500314
413.99724,1000,21.052391
282.109879,1000,25.522255
339.855155,1000,29.774859
496.303096,1000,34.407406
360.284004,1000,39.063022
298.509857,1000,43.649376
