#{"env_id": "my_panda_free_space_traj", "t_start": 1584687718.5742052}
r,l,t
435.436628,1000,7.30536
487.600853,1000,11.867553
546.75767,1000,16.432418
474.339881,1000,20.96935
306.366737,1000,25.545493
409.441091,1000,29.951873
313.973241,1000,34.49258
348.99602,1000,39.083907
225.325211,1000,43.584149
