#{"env_id": "my_panda_free_space_traj", "t_start": 1584726312.049265}
r,l,t
427.254159,1000,7.127229
417.802636,1000,11.54294
494.41014,1000,15.990917
484.94409,1000,20.415392
517.103889,1000,24.861217
329.651295,1000,29.063703
511.176811,1000,33.514757
334.637316,1000,37.953913
367.208662,1000,42.491772
