#{"env_id": "my_panda_free_space_traj", "t_start": 1584691018.87025}
r,l,t
422.048996,1000,7.472179
344.625097,1000,11.710593
338.343112,1000,16.231687
491.60364,1000,20.789212
329.930458,1000,25.044537
322.594455,1000,29.562569
468.484107,1000,34.175821
387.601949,1000,38.684549
448.224251,1000,43.239892
