#{"env_id": "my_panda_free_space_traj", "t_start": 1584726264.1077116}
r,l,t
405.779202,1000,7.157015
367.443051,1000,11.667691
506.599201,1000,16.131977
295.712081,1000,20.600647
332.304805,1000,25.069666
359.003345,1000,29.260367
506.705305,1000,33.724752
468.215973,1000,38.218748
458.239142,1000,42.705614
