#{"env_id": "my_panda_free_space_traj", "t_start": 1584697193.3941114}
r,l,t
410.312036,1000,7.197564
339.79276,1000,11.818858
416.284757,1000,16.254178
406.851143,1000,20.822943
319.076746,1000,25.345005
396.264283,1000,29.635313
333.387483,1000,34.229938
371.713562,1000,38.70945
421.761326,1000,43.29604
