#{"env_id": "my_panda_free_space_traj", "t_start": 1584670459.561529}
r,l,t
368.074909,1000,8.060162
516.670336,1000,13.229646
348.757239,1000,19.145913
367.440916,1000,24.21142
442.08582,1000,30.735741
329.368352,1000,36.71398
372.013322,1000,42.468624
427.018487,1000,47.851287
486.16642,1000,53.840766
362.62891,1000,60.229253
