#{"env_id": "my_panda_free_space_traj", "t_start": 1584705094.4932153}
r,l,t
293.94898,1000,7.421541
346.035182,1000,12.055622
436.675267,1000,16.498961
335.531164,1000,20.966019
813.950638,1000,25.45906
261.746991,1000,29.694772
438.462328,1000,34.19533
313.177035,1000,38.652217
397.561347,1000,43.182086
