#{"env_id": "my_panda_free_space_traj", "t_start": 1584689543.1161377}
r,l,t
488.277529,1000,7.572927
505.247697,1000,12.333778
303.807784,1000,16.916363
492.320452,1000,21.523172
405.469558,1000,26.388733
407.879766,1000,30.694798
395.364965,1000,35.359965
536.346461,1000,40.012662
392.62628,1000,44.723859
