#{"env_id": "my_panda_free_space_traj", "t_start": 1584677728.9388058}
r,l,t
423.651614,1000,8.559715
463.764901,1000,13.596669
297.492297,1000,18.920894
463.485719,1000,24.185566
347.733374,1000,29.401015
370.752956,1000,34.616538
393.448896,1000,39.880365
290.462813,1000,45.230354
270.208549,1000,50.470232
403.568114,1000,55.510892
