#{"env_id": "my_panda_free_space_traj", "t_start": 1584689299.426026}
r,l,t
382.019206,1000,7.434245
345.800212,1000,12.032109
333.420119,1000,16.512505
320.76798,1000,21.142642
480.477136,1000,25.71383
605.770564,1000,30.15706
454.638433,1000,34.619567
327.979892,1000,39.145549
370.352709,1000,43.61346
