#{"env_id": "my_panda_free_space_traj", "t_start": 1584704740.391522}
r,l,t
365.261377,1000,7.797097
371.990716,1000,12.191537
332.088015,1000,16.806972
362.405729,1000,21.808531
445.921495,1000,26.25732
366.031683,1000,31.084681
372.452582,1000,35.98709
330.383345,1000,40.758257
528.101809,1000,45.332573
