#{"env_id": "my_panda_free_space_traj", "t_start": 1584703956.9596765}
r,l,t
262.425079,1000,7.624181
244.407905,1000,12.274998
253.160221,1000,16.936793
221.935003,1000,21.640646
347.893561,1000,26.02077
309.420387,1000,30.669029
327.98276,1000,35.238627
322.708785,1000,39.856854
271.307349,1000,44.455223
