#{"env_id": "my_panda_free_space_traj", "t_start": 1584670945.2421827}
r,l,t
368.814135,1000,8.956629
451.441693,1000,14.318528
399.744551,1000,19.663299
285.337924,1000,25.00421
368.915245,1000,30.08004
498.32742,1000,35.329912
323.69981,1000,40.628602
518.666653,1000,45.658027
268.218128,1000,50.948573
507.681163,1000,56.196716
