#{"env_id": "my_panda_free_space_traj", "t_start": 1584681681.981657}
r,l,t
423.298986,1000,7.309487
331.862719,1000,12.289914
428.926461,1000,16.994412
396.475926,1000,21.770886
313.740675,1000,26.725645
284.2822,1000,31.264672
575.354319,1000,35.961276
353.410736,1000,40.765131
337.883725,1000,45.678282
