#{"env_id": "my_panda_free_space_traj", "t_start": 1584699530.7121425}
r,l,t
410.553478,1000,7.652047
353.234587,1000,12.170553
497.086579,1000,16.854748
516.30172,1000,21.370334
328.157068,1000,25.802027
336.330908,1000,30.036777
389.48789,1000,34.74146
368.128681,1000,39.372001
416.244187,1000,44.012856
