#{"env_id": "my_panda_free_space_traj", "t_start": 1584673418.888063}
r,l,t
356.206105,1000,8.032176
409.022712,1000,13.2445
306.208199,1000,18.24263
314.039912,1000,23.47288
351.429319,1000,29.427971
319.537301,1000,34.726321
332.094277,1000,39.77017
373.766425,1000,45.247171
357.239886,1000,51.558473
332.849202,1000,57.777597
