#{"env_id": "my_panda_free_space_traj", "t_start": 1584676847.4384189}
r,l,t
372.957182,1000,8.376877
285.222143,1000,13.767047
253.848928,1000,18.808992
355.619962,1000,24.425215
313.540632,1000,29.788339
308.266533,1000,35.055477
392.913244,1000,40.027033
331.439166,1000,45.301785
371.015014,1000,50.523285
533.753251,1000,55.685861
