#{"env_id": "my_panda_free_space_traj", "t_start": 1584722922.2252183}
r,l,t
333.083411,1000,7.094914
285.020895,1000,11.644497
425.319326,1000,16.063175
426.55156,1000,20.497887
373.847956,1000,25.015407
283.835939,1000,29.204785
361.721216,1000,33.705266
403.440977,1000,38.166169
455.632685,1000,42.628126
