#{"env_id": "my_panda_free_space_traj", "t_start": 1584693340.6889865}
r,l,t
474.717834,1000,7.548781
459.746771,1000,11.993692
387.808821,1000,16.617187
366.319089,1000,21.33115
405.293779,1000,25.592598
300.492717,1000,30.045534
281.392407,1000,34.591375
313.049349,1000,39.099313
357.193877,1000,43.589461
