#{"env_id": "my_panda_free_space_traj", "t_start": 1584717277.5749137}
r,l,t
410.97556,1000,7.94376
347.146668,1000,12.357427
394.129903,1000,16.971724
390.155222,1000,21.670157
395.356932,1000,26.048552
333.751704,1000,30.665788
289.063896,1000,35.29478
500.757181,1000,39.891224
362.202571,1000,44.600075
