#{"env_id": "my_panda_free_space_traj", "t_start": 1584689003.1463284}
r,l,t
305.951588,1000,7.76378
379.201877,1000,12.380643
447.299902,1000,17.085557
328.062612,1000,21.824147
472.332216,1000,26.609566
372.000852,1000,31.001503
358.609167,1000,35.723251
530.03646,1000,40.397509
434.133685,1000,44.90398
