#{"env_id": "my_panda_free_space_traj", "t_start": 1584704115.7672973}
r,l,t
310.517734,1000,7.884104
372.72118,1000,12.631291
229.034219,1000,18.840708
314.506597,1000,24.540984
38.553468,1000,30.746902
65.812981,1000,37.317554
69.712081,1000,43.923846
262.238154,1000,50.069762
144.780144,1000,56.492288
