#{"env_id": "my_panda_free_space_traj", "t_start": 1584698988.6576743}
r,l,t
276.160538,1000,7.25609
301.320004,1000,11.921839
393.832495,1000,16.530315
418.881455,1000,21.137009
416.716165,1000,25.650823
384.359155,1000,29.944376
366.855845,1000,34.55779
389.161987,1000,39.379872
280.020117,1000,44.057065
