#{"env_id": "my_panda_free_space_traj", "t_start": 1584706789.33282}
r,l,t
137.138173,1000,7.31944
57.500471,1000,11.634265
10.959754,1000,15.869734
64.354981,1000,20.329768
101.784476,1000,24.645142
46.427526,1000,28.627112
52.7798,1000,32.924381
105.058567,1000,37.139274
110.710424,1000,41.646108
