#{"env_id": "my_panda_free_space_traj", "t_start": 1584679555.0422845}
r,l,t
320.190968,1000,8.021024
307.520594,1000,13.523644
329.239749,1000,18.861479
444.118217,1000,24.04067
481.606061,1000,29.047407
393.025105,1000,34.259558
415.43819,1000,39.491062
317.497266,1000,44.731936
405.120952,1000,49.944599
409.464787,1000,56.126862
