#{"env_id": "my_panda_free_space_traj", "t_start": 1584727226.0746956}
r,l,t
630.8205,1000,7.425263
352.905693,1000,11.690057
325.205582,1000,16.29267
384.220822,1000,20.777387
357.129989,1000,24.988957
347.9206,1000,29.40435
548.07877,1000,33.835263
480.563366,1000,38.269018
331.711534,1000,42.745993
