#{"env_id": "my_panda_free_space_traj", "t_start": 1584679031.0951247}
r,l,t
321.033538,1000,8.413409
388.626735,1000,13.447247
404.664834,1000,18.686378
395.721251,1000,24.348941
420.549931,1000,29.725304
337.250438,1000,35.450452
503.172234,1000,40.813168
417.579617,1000,46.152658
486.397387,1000,51.231954
319.778708,1000,56.37754
