#{"env_id": "my_panda_free_space_traj", "t_start": 1584692844.6548133}
r,l,t
464.01856,1000,7.619127
341.053424,1000,12.486389
366.618884,1000,17.193354
502.061273,1000,21.768747
467.945142,1000,26.539151
427.181817,1000,30.861969
312.80022,1000,35.65363
340.282949,1000,40.333537
456.803367,1000,45.051263
