#{"env_id": "my_panda_free_space_traj", "t_start": 1584727466.6605911}
r,l,t
468.465794,1000,7.55881
357.373709,1000,12.116682
370.103229,1000,16.670385
362.389432,1000,21.169196
309.046164,1000,25.717511
625.627314,1000,29.954258
327.136264,1000,34.476462
332.228728,1000,38.952925
292.570566,1000,43.406267
