#{"env_id": "my_panda_free_space_traj", "t_start": 1584718268.0022986}
r,l,t
416.885583,1000,7.172651
361.279921,1000,11.806037
321.733016,1000,16.285744
331.071027,1000,20.737475
475.934344,1000,25.434685
386.485674,1000,29.8383
333.348493,1000,34.399062
376.125997,1000,39.235085
357.957026,1000,44.138428
