#{"env_id": "my_panda_free_space_traj", "t_start": 1584688656.0391366}
r,l,t
336.926739,1000,7.548164
361.034289,1000,11.84725
403.652744,1000,16.417556
428.785301,1000,20.873134
326.059325,1000,25.363821
279.260242,1000,29.917335
288.861083,1000,34.436227
350.931474,1000,39.256236
314.289692,1000,43.864536
