#{"env_id": "my_panda_free_space_traj", "t_start": 1584704545.555107}
r,l,t
208.334838,1000,7.602563
124.363072,1000,12.879746
107.722038,1000,17.961633
79.886433,1000,23.459486
101.327928,1000,28.717635
82.545541,1000,33.582481
123.834531,1000,38.324518
143.45319,1000,43.060557
272.797613,1000,47.6002
