#{"env_id": "my_panda_free_space_traj", "t_start": 1584704842.9344282}
r,l,t
482.741126,1000,7.298548
406.114404,1000,12.062381
484.618308,1000,16.726949
368.969269,1000,21.273743
436.588477,1000,25.890381
500.022091,1000,30.420245
470.207412,1000,35.073485
483.094862,1000,39.743533
581.85544,1000,44.533834
