#{"env_id": "my_panda_free_space_traj", "t_start": 1584678796.1577983}
r,l,t
382.264939,1000,7.922842
422.059479,1000,13.152405
356.084492,1000,18.408068
355.21209,1000,23.447182
535.618812,1000,28.692707
318.831032,1000,33.854495
480.290493,1000,39.987203
463.696617,1000,46.089885
342.969771,1000,51.202598
304.440615,1000,57.328815
