#{"env_id": "my_panda_free_space_traj", "t_start": 1584721472.9399614}
r,l,t
420.355038,1000,7.163471
354.578237,1000,11.819248
420.502006,1000,16.260075
309.671694,1000,20.777958
358.662861,1000,25.263503
307.445577,1000,29.575923
372.529085,1000,34.17148
464.706136,1000,38.697874
353.705105,1000,43.266944
