#{"env_id": "my_panda_free_space_traj", "t_start": 1584706533.569862}
r,l,t
291.775422,1000,8.046505
186.596798,1000,12.385267
267.16385,1000,17.398741
182.069055,1000,22.557999
197.291668,1000,27.235743
117.89827,1000,32.681475
249.179145,1000,37.430338
145.730229,1000,42.759016
300.758824,1000,47.265763
