#{"env_id": "my_panda_free_space_traj", "t_start": 1584713615.3322835}
r,l,t
351.273472,1000,7.302641
376.539978,1000,11.944879
328.970393,1000,16.757868
470.246067,1000,21.494317
385.299705,1000,25.785108
356.887151,1000,30.368227
348.323972,1000,35.325181
397.523034,1000,39.889448
420.640698,1000,44.51647
