#{"env_id": "my_panda_free_space_traj", "t_start": 1584672150.655393}
r,l,t
388.332432,1000,9.365058
379.168529,1000,15.665188
408.608461,1000,21.05819
537.913438,1000,27.17383
490.111704,1000,33.59789
404.592961,1000,39.033658
416.50281,1000,45.398632
625.486458,1000,51.155463
381.489108,1000,57.180512
528.430668,1000,63.282012
