#{"t_start": 1585768250.622115, "env_id": "my_panda_free_space_traj"}
r,l,t
242.591875,500,13.929875
322.009463,500,24.195549
