#{"t_start": 1585768253.248816, "env_id": "my_panda_free_space_traj"}
r,l,t
195.067877,500,13.83967
144.306639,500,24.142926
