#{"env_id": "my_panda_free_space_traj", "t_start": 1584713067.162985}
r,l,t
412.132152,1000,7.969343
378.336188,1000,12.50494
509.786826,1000,17.198957
440.538814,1000,22.013416
365.916947,1000,26.408357
383.927642,1000,30.98681
468.082098,1000,35.56776
471.444905,1000,40.221442
733.783604,1000,44.870447
