#{"env_id": "my_panda_free_space_traj", "t_start": 1584708346.4949415}
r,l,t
408.478059,1000,7.415448
335.931558,1000,11.639907
295.758723,1000,16.154071
328.258511,1000,20.677062
498.270492,1000,25.379972
337.438174,1000,30.215803
325.743897,1000,34.959913
450.232616,1000,39.515207
324.094915,1000,44.25693
