#{"env_id": "my_panda_free_space_traj", "t_start": 1584693291.5786247}
r,l,t
386.382125,1000,7.621733
368.727888,1000,12.032112
410.484489,1000,16.560181
288.781459,1000,21.294245
336.629563,1000,25.637951
427.943754,1000,30.180741
355.320535,1000,34.684165
417.876023,1000,39.200062
372.39812,1000,43.70294
