#{"env_id": "my_panda_free_space_traj", "t_start": 1584703658.122169}
r,l,t
322.079231,1000,7.2349
396.854012,1000,11.746326
336.621877,1000,16.478142
494.340248,1000,21.314852
368.514855,1000,25.932883
379.522279,1000,30.334309
379.604994,1000,34.892737
305.826333,1000,39.555392
317.216985,1000,44.312347
