#{"env_id": "my_panda_free_space_traj", "t_start": 1584670277.5995111}
r,l,t
377.301901,1000,8.594167
449.756306,1000,14.895219
405.563642,1000,21.180766
293.491651,1000,26.903471
376.078297,1000,32.440865
411.46271,1000,38.548726
382.814467,1000,43.923898
482.54569,1000,49.203307
358.654396,1000,54.23971
302.394603,1000,59.559701
