#{"env_id": "my_panda_free_space_traj", "t_start": 1584694027.335341}
r,l,t
307.826295,1000,7.237595
336.316628,1000,11.874691
643.484601,1000,16.597512
375.001876,1000,21.134441
342.440465,1000,25.598788
353.651696,1000,29.937423
339.613276,1000,34.486873
529.556214,1000,39.157278
255.146929,1000,43.690941
