#{"env_id": "my_panda_free_space_traj", "t_start": 1584727178.0119574}
r,l,t
447.304801,1000,7.370502
396.450599,1000,11.603875
381.352249,1000,16.060014
378.086302,1000,20.516458
314.809582,1000,24.777925
382.866146,1000,29.221559
305.816048,1000,33.699575
326.115785,1000,38.27279
287.354182,1000,42.817285
