#{"env_id": "my_panda_free_space_traj", "t_start": 1584708593.3894813}
r,l,t
313.659988,1000,7.27524
399.527021,1000,12.007691
401.190692,1000,17.032788
325.126278,1000,22.294001
461.375739,1000,27.004763
317.754308,1000,31.720926
365.706743,1000,36.640891
532.509704,1000,41.429441
366.99371,1000,46.356543
