#{"env_id": "my_panda_free_space_traj", "t_start": 1584692944.6548507}
r,l,t
498.393611,1000,7.38341
313.013877,1000,11.926562
310.911404,1000,16.398755
442.975975,1000,21.055968
386.802426,1000,25.702933
391.674708,1000,30.054505
421.059782,1000,34.581062
425.772984,1000,39.263545
480.539745,1000,43.809218
