#{"env_id": "my_panda_free_space_traj", "t_start": 1584668762.9423754}
r,l,t
292.037196,1000,7.874258
383.237345,1000,13.751463
410.877705,1000,18.852733
377.599679,1000,24.039404
291.019711,1000,29.189656
551.942743,1000,35.492006
462.682118,1000,41.344313
458.678072,1000,46.584996
347.952525,1000,52.375435
450.7613,1000,57.384371
