#{"env_id": "my_panda_free_space_traj", "t_start": 1584705195.4957664}
r,l,t
698.312856,1000,7.670779
1024.029643,1000,12.169939
1135.149643,1000,16.570275
885.298687,1000,21.075015
1056.493177,1000,25.372838
1151.850928,1000,30.131911
977.223777,1000,34.502847
1030.690763,1000,38.853483
1138.915135,1000,43.36213
