#{"env_id": "my_panda_free_space_traj", "t_start": 1584673118.35516}
r,l,t
346.45477,1000,8.024011
337.823782,1000,14.218436
308.855908,1000,19.567428
317.439261,1000,24.776287
402.768751,1000,30.724177
321.512092,1000,35.96965
483.193599,1000,41.18329
363.497806,1000,46.683845
604.177693,1000,52.969973
516.321168,1000,58.466604
