#{"env_id": "my_panda_free_space_traj", "t_start": 1584683719.1616604}
r,l,t
253.248617,1000,7.441169
291.688684,1000,12.159415
321.125353,1000,16.778391
307.994279,1000,21.605026
399.564193,1000,26.253832
322.868331,1000,30.769162
364.003331,1000,35.53131
354.098559,1000,40.356773
327.974882,1000,45.067756
