#{"env_id": "my_panda_free_space_traj", "t_start": 1584692549.232217}
r,l,t
353.730572,1000,7.335507
284.452915,1000,12.106588
266.979273,1000,16.565843
326.094177,1000,21.002673
343.415723,1000,25.635347
326.050067,1000,29.94172
391.136582,1000,34.627158
415.00491,1000,39.116945
443.947388,1000,43.576694
