#{"env_id": "my_panda_free_space_traj", "t_start": 1584701068.6741426}
r,l,t
320.733614,1000,7.979403
528.842558,1000,12.409236
285.394625,1000,17.225211
332.817217,1000,21.948569
295.346403,1000,26.295474
299.049993,1000,30.893697
364.890342,1000,35.469857
317.234943,1000,40.20156
338.100712,1000,45.093795
