#{"env_id": "my_panda_free_space_traj", "t_start": 1584706635.5687158}
r,l,t
448.247677,1000,7.33769
282.131887,1000,11.977232
329.29099,1000,16.5795
330.878139,1000,21.068036
302.356365,1000,25.534367
340.886311,1000,29.825284
504.57676,1000,34.363601
438.477625,1000,38.965862
598.676087,1000,43.662547
