#{"env_id": "my_panda_free_space_traj", "t_start": 1584708196.9036703}
r,l,t
639.835069,1000,7.407111
458.196013,1000,12.057628
459.392177,1000,16.554253
328.800252,1000,21.246694
457.494701,1000,25.866525
308.438769,1000,30.139471
524.807239,1000,34.721711
697.534083,1000,39.287958
652.429485,1000,43.946249
