#{"env_id": "my_panda_free_space_traj", "t_start": 1584724571.7519453}
r,l,t
358.338856,1000,7.174692
423.46925,1000,11.645035
385.304599,1000,16.099426
356.177362,1000,20.619379
402.694859,1000,25.247935
339.396304,1000,29.478995
293.010938,1000,34.135339
261.686615,1000,38.597099
450.961747,1000,43.090063
