#{"env_id": "my_panda_free_space_traj", "t_start": 1584683969.4034908}
r,l,t
345.028933,1000,7.505695
425.685854,1000,12.072253
513.170454,1000,16.461334
459.018833,1000,20.954304
377.445765,1000,25.411745
586.643813,1000,29.517971
414.173066,1000,34.029791
607.8117,1000,38.410493
616.742563,1000,42.751362
