#{"env_id": "my_panda_free_space_traj", "t_start": 1584671547.063619}
r,l,t
359.885049,1000,7.97353
381.899904,1000,14.250436
409.22981,1000,19.39075
390.75361,1000,24.851282
326.56177,1000,30.20753
486.957593,1000,35.56763
364.049932,1000,41.348818
304.338895,1000,46.682082
442.573603,1000,52.35973
249.126265,1000,57.424408
