#{"env_id": "my_panda_free_space_traj", "t_start": 1584679849.1290202}
r,l,t
364.904837,1000,8.425611
312.44863,1000,13.820973
468.584979,1000,19.625445
351.231649,1000,24.910115
592.720341,1000,30.22754
483.264915,1000,35.454652
379.295335,1000,40.530758
345.279372,1000,45.780004
395.522282,1000,52.154524
421.564842,1000,58.462446
