#{"env_id": "my_panda_free_space_traj", "t_start": 1584712125.1892307}
r,l,t
318.442099,1000,7.339644
373.052323,1000,11.861577
236.929645,1000,16.332445
364.591724,1000,20.933305
290.064414,1000,25.558905
419.947749,1000,30.070918
450.073089,1000,34.870051
575.486257,1000,39.444919
488.863086,1000,44.158627
