#{"env_id": "my_panda_free_space_traj", "t_start": 1586391780.9642837}
r,l,t
232.674456,500,16.798468
181.894,500,26.968529
292.501964,500,37.153133
157.425715,500,47.46273
130.746473,500,57.864327
190.938425,500,68.152123
273.640013,500,78.403805
449.040345,500,91.495101
397.326685,500,102.013335
423.326254,500,113.415163
830.109433,500,126.169321
661.975074,500,136.538211
1410.441314,500,147.176682
1133.952319,500,157.928895
1354.866852,500,168.353874
1393.050743,500,178.815097
1588.889519,500,189.284626
2324.750622,500,199.903156
