#{"env_id": "my_panda_free_space_traj", "t_start": 1584721133.0745587}
r,l,t
430.120202,1000,7.159614
465.434356,1000,11.746101
364.749957,1000,16.256759
455.95233,1000,20.767013
449.436823,1000,25.231917
383.137425,1000,29.466945
372.709018,1000,34.016996
333.349548,1000,38.518126
291.701254,1000,43.028827
