#{"env_id": "my_panda_free_space_traj", "t_start": 1584700870.8829572}
r,l,t
328.730842,1000,7.348605
388.43544,1000,12.002598
383.26284,1000,16.648557
396.741997,1000,21.310048
361.800875,1000,25.851155
371.597681,1000,30.487523
338.933011,1000,35.169653
301.940868,1000,39.688086
444.43656,1000,44.158042
