#{"env_id": "my_panda_free_space_traj", "t_start": 1584689593.174351}
r,l,t
402.880849,1000,7.23233
463.148367,1000,11.91409
388.274279,1000,16.556072
523.315999,1000,21.196301
332.630554,1000,25.770558
410.362791,1000,29.996419
362.291596,1000,34.513911
447.250056,1000,39.052724
295.70764,1000,43.812224
