#{"env_id": "my_panda_free_space_traj", "t_start": 1584690082.911313}
r,l,t
541.407935,1000,7.540655
443.362052,1000,12.234269
322.178415,1000,16.887597
408.313712,1000,21.423053
356.652416,1000,25.874559
304.627079,1000,30.061863
488.374264,1000,34.57878
320.622109,1000,39.052439
445.776404,1000,43.56125
