#{"env_id": "my_panda_free_space_traj", "t_start": 1584724716.127028}
r,l,t
318.622059,1000,7.17367
530.252313,1000,11.665449
376.46824,1000,16.527967
377.136222,1000,21.042886
414.74234,1000,25.749536
393.562717,1000,30.007217
333.640671,1000,34.511659
428.274042,1000,39.206846
489.578877,1000,43.750514
