#{"env_id": "my_panda_free_space_traj", "t_start": 1584674093.7876823}
r,l,t
398.808199,1000,9.103214
479.711676,1000,14.583939
397.575189,1000,20.696381
454.693618,1000,25.968597
294.578462,1000,31.226435
437.89317,1000,37.239525
333.587955,1000,42.39559
549.128378,1000,47.659549
425.779918,1000,52.881637
402.655744,1000,58.750774
