#{"env_id": "my_panda_free_space_traj", "t_start": 1584714157.8822322}
r,l,t
248.143028,1000,7.896253
413.678203,1000,12.493388
290.499357,1000,17.350454
385.969262,1000,21.999723
394.868631,1000,26.709702
382.028586,1000,31.304587
432.290724,1000,35.958618
647.179056,1000,40.62729
673.79178,1000,45.376348
