#{"env_id": "my_panda_free_space_traj", "t_start": 1584689152.149563}
r,l,t
376.271866,1000,7.870791
353.222805,1000,12.203472
504.874341,1000,16.897045
562.138433,1000,21.420715
437.193367,1000,25.733831
491.28152,1000,30.510723
428.558631,1000,35.277562
600.037695,1000,39.737981
500.950806,1000,44.177032
