#{"env_id": "my_panda_free_space_traj", "t_start": 1584669115.5391753}
r,l,t
431.986512,1000,8.73645
349.379035,1000,14.002631
345.313893,1000,20.137918
427.655652,1000,25.383531
316.070321,1000,30.577975
333.468375,1000,36.729187
296.983294,1000,42.755985
281.113365,1000,48.870704
356.64653,1000,55.536337
530.536633,1000,61.732612
