#{"env_id": "my_panda_free_space_traj", "t_start": 1584692204.804107}
r,l,t
311.962808,1000,7.670882
410.473027,1000,12.162672
326.461295,1000,16.659088
350.942477,1000,21.343793
298.867872,1000,25.793899
308.910222,1000,30.387108
461.929145,1000,34.959746
316.978921,1000,39.433314
337.171704,1000,43.982852
