#{"env_id": "my_panda_free_space_traj", "t_start": 1584682461.7973669}
r,l,t
265.0133,1000,7.813948
135.494645,1000,13.088969
165.989979,1000,18.216761
204.651569,1000,23.45038
179.770654,1000,28.584298
187.356273,1000,33.665354
194.278965,1000,38.726697
194.805342,1000,44.376265
206.030513,1000,49.576245
