#{"env_id": "my_panda_free_space_traj", "t_start": 1584724910.693373}
r,l,t
377.286894,1000,7.631681
428.906545,1000,11.965542
378.079724,1000,16.554928
573.187617,1000,21.199944
377.546324,1000,25.412982
426.433386,1000,29.951814
295.664885,1000,34.45161
369.53537,1000,38.889655
464.005524,1000,43.37467
