#{"env_id": "my_panda_free_space_traj", "t_start": 1584696596.8605886}
r,l,t
418.716779,1000,7.272142
331.149459,1000,11.753884
332.323576,1000,16.226563
400.577431,1000,20.710336
390.470569,1000,25.256399
301.161556,1000,29.674442
420.795958,1000,34.519179
397.513511,1000,39.257097
481.147734,1000,43.823833
