#{"env_id": "my_panda_free_space_traj", "t_start": 1584694372.570674}
r,l,t
358.793059,1000,7.739761
468.15905,1000,12.411958
424.714869,1000,16.953158
334.579596,1000,21.569943
360.420982,1000,26.152305
374.673236,1000,30.446447
431.313507,1000,35.075569
343.629102,1000,39.633663
527.196865,1000,44.137815
