#{"env_id": "my_panda_free_space_traj", "t_start": 1584694422.008763}
r,l,t
417.929251,1000,7.561643
406.440445,1000,12.176109
372.224333,1000,16.694605
568.593549,1000,21.455677
224.089683,1000,26.041383
405.130947,1000,30.573812
386.31366,1000,35.239711
432.870418,1000,39.759439
480.514886,1000,44.556882
