#{"env_id": "my_panda_free_space_traj", "t_start": 1584707798.1106677}
r,l,t
410.640463,1000,7.834002
608.042114,1000,12.273245
447.217402,1000,16.877359
448.073819,1000,21.57439
512.418865,1000,25.88517
564.338123,1000,30.483632
669.335299,1000,35.372686
668.813258,1000,40.057731
399.422342,1000,44.71172
