#{"env_id": "my_panda_free_space_traj", "t_start": 1584675000.707131}
r,l,t
303.915481,1000,8.978139
382.591748,1000,13.999336
297.056417,1000,19.737162
442.787008,1000,25.89008
374.540695,1000,31.210466
291.69458,1000,36.197749
528.823707,1000,41.444794
462.726972,1000,46.65589
322.063313,1000,52.650558
304.792131,1000,58.246799
