#{"env_id": "my_panda_free_space_traj", "t_start": 1584681527.8039281}
r,l,t
289.427578,1000,7.854738
360.780823,1000,12.849616
332.946719,1000,17.981696
372.966068,1000,22.875059
353.919442,1000,27.683046
403.787667,1000,32.298993
266.386134,1000,37.384955
458.824817,1000,42.065474
491.880627,1000,46.874449
