#{"env_id": "my_panda_free_space_traj", "t_start": 1584687277.1748405}
r,l,t
352.502249,1000,7.344814
357.294008,1000,11.895877
416.840631,1000,16.458018
352.336213,1000,20.955438
389.35953,1000,25.616022
425.966692,1000,29.978222
435.923035,1000,34.674501
400.425195,1000,39.383137
450.195253,1000,44.014955
