#{"env_id": "my_panda_free_space_traj", "t_start": 1584687818.169288}
r,l,t
346.339322,1000,7.690775
399.979675,1000,12.364199
441.387616,1000,17.141282
378.413626,1000,21.891001
550.393507,1000,26.797592
359.555161,1000,31.156223
597.669613,1000,35.901679
398.55611,1000,40.654829
349.338207,1000,45.159692
