#{"env_id": "my_panda_free_space_traj", "t_start": 1584720984.6239705}
r,l,t
273.21985,1000,7.167857
392.135858,1000,11.634277
438.533406,1000,16.116541
474.506481,1000,20.567663
303.341461,1000,25.061749
402.966625,1000,29.306571
332.765064,1000,33.791759
443.759507,1000,38.242019
342.519048,1000,42.740069
