#{"env_id": "my_panda_free_space_traj", "t_start": 1584673058.5621493}
r,l,t
384.693476,1000,8.400706
339.429041,1000,14.559169
517.476963,1000,19.627953
408.879624,1000,25.010156
492.588716,1000,31.31766
417.698465,1000,36.621593
358.776524,1000,42.256384
325.843752,1000,47.51919
402.56007,1000,52.812553
381.975754,1000,58.18114
