#{"env_id": "my_panda_free_space_traj", "t_start": 1584721764.5540767}
r,l,t
287.432372,1000,7.491011
347.781766,1000,12.013815
353.157004,1000,16.729583
302.122762,1000,21.226047
471.196681,1000,25.780114
405.771757,1000,30.087165
357.682904,1000,34.653973
353.086737,1000,39.178308
373.312891,1000,43.706359
