#{"env_id": "my_panda_free_space_traj", "t_start": 1584721715.4391403}
r,l,t
332.813775,1000,7.328624
308.110847,1000,11.97302
463.225438,1000,16.487473
361.732792,1000,21.073726
333.337311,1000,25.623875
254.734126,1000,29.858647
437.196126,1000,34.415236
407.577589,1000,38.930381
453.885271,1000,43.530878
