#{"env_id": "my_panda_free_space_traj", "t_start": 1584722343.648327}
r,l,t
369.87371,1000,7.098838
374.242151,1000,11.568335
360.09782,1000,15.984069
330.045779,1000,20.483556
564.494887,1000,24.949655
585.632502,1000,29.232334
358.87726,1000,33.687213
347.995513,1000,38.317906
424.16951,1000,42.774014
