#{"env_id": "my_panda_free_space_traj", "t_start": 1584707697.8699238}
r,l,t
474.651746,1000,7.938314
234.942941,1000,12.280958
292.706183,1000,16.9581
266.855081,1000,21.831087
262.566485,1000,26.165101
286.305514,1000,30.762876
248.7174,1000,35.384918
287.753101,1000,40.076721
236.572109,1000,44.839701
