#{"env_id": "my_panda_free_space_traj", "t_start": 1584699383.8598027}
r,l,t
458.614203,1000,7.228141
406.264219,1000,11.814264
405.36106,1000,16.512433
402.014054,1000,21.067716
243.467298,1000,25.616587
453.416658,1000,29.937287
404.029028,1000,34.406545
300.704776,1000,39.008878
350.629042,1000,43.53054
