#{"env_id": "my_panda_free_space_traj", "t_start": 1584718317.5926821}
r,l,t
507.767954,1000,7.311065
473.890175,1000,11.829949
436.613534,1000,16.319989
365.804009,1000,21.019113
444.614658,1000,25.522281
422.659652,1000,29.721159
417.259013,1000,34.262321
306.586631,1000,38.67817
426.382411,1000,43.125086
