#{"env_id": "my_panda_free_space_traj", "t_start": 1584725636.2787764}
r,l,t
477.261108,1000,7.280407
513.241473,1000,11.689264
299.096423,1000,16.239927
382.606446,1000,20.82712
491.490826,1000,25.273789
499.112089,1000,29.591915
477.223767,1000,34.287031
402.681577,1000,38.846611
363.993385,1000,43.34346
