#{"env_id": "my_panda_free_space_traj", "t_start": 1584711824.5555744}
r,l,t
317.391549,1000,8.098608
468.567341,1000,12.739815
368.645723,1000,17.50085
304.455525,1000,22.059134
253.241164,1000,26.561663
478.979803,1000,31.168228
464.90604,1000,35.817305
405.061916,1000,40.859869
376.225,1000,45.587395
