#{"env_id": "my_panda_free_space_traj", "t_start": 1584702464.373662}
r,l,t
382.344066,1000,7.714843
381.574794,1000,12.386537
374.339635,1000,17.170705
342.253831,1000,21.892448
391.121215,1000,26.599388
394.149587,1000,31.061788
401.184588,1000,35.910565
514.108034,1000,40.443026
394.249918,1000,45.158864
