#{"env_id": "my_panda_free_space_traj", "t_start": 1584705293.139638}
r,l,t
569.096367,1000,7.744718
513.571497,1000,11.90607
540.223815,1000,16.376711
566.394483,1000,20.796744
727.514115,1000,24.902212
649.157404,1000,29.437011
592.325624,1000,33.95728
557.215596,1000,38.431068
685.456158,1000,43.114974
