#{"env_id": "my_panda_free_space_traj", "t_start": 1584722632.1337924}
r,l,t
398.242686,1000,7.543871
290.291687,1000,12.105708
451.466165,1000,16.579588
468.428095,1000,21.044139
417.439217,1000,25.6196
373.401717,1000,29.835031
375.054206,1000,34.346973
361.640427,1000,38.859513
416.903141,1000,43.388761
