#{"env_id": "my_panda_free_space_traj", "t_start": 1584687080.555089}
r,l,t
524.311758,1000,7.214771
327.239512,1000,11.703456
270.318946,1000,16.265532
319.890882,1000,20.718057
347.328203,1000,25.233243
353.919186,1000,29.489625
382.371625,1000,33.975861
332.333787,1000,38.469933
481.765502,1000,43.088206
