#{"env_id": "my_panda_free_space_traj", "t_start": 1584676388.0514128}
r,l,t
458.579511,1000,9.205702
348.904027,1000,14.25478
296.17759,1000,19.666552
439.775795,1000,24.922576
277.020812,1000,30.210649
385.041365,1000,35.199372
357.945757,1000,41.570724
528.378766,1000,46.808791
277.759986,1000,51.817415
478.219326,1000,57.006222
