#{"env_id": "my_panda_free_space_traj", "t_start": 1584715740.4299192}
r,l,t
469.936647,1000,7.470317
453.40259,1000,12.171625
378.117375,1000,16.777679
361.745309,1000,21.630377
257.076118,1000,26.221781
344.747374,1000,30.700195
428.483107,1000,35.497246
403.496824,1000,40.137449
285.015269,1000,44.893489
