#{"env_id": "my_panda_free_space_traj", "t_start": 1584714107.8184395}
r,l,t
384.876911,1000,7.599359
347.212038,1000,12.320474
543.944727,1000,17.039648
386.036955,1000,21.639329
300.926444,1000,26.516814
368.555778,1000,30.937536
503.8396,1000,35.691644
863.439756,1000,40.336827
1091.921457,1000,44.823189
