#{"env_id": "my_panda_free_space_traj", "t_start": 1584683869.4029214}
r,l,t
525.533376,1000,7.854106
554.425109,1000,12.27551
451.807985,1000,16.952735
462.320391,1000,21.601547
490.520711,1000,26.001913
397.836142,1000,30.55751
547.597983,1000,35.34989
539.126978,1000,39.941033
555.499054,1000,44.645492
