#{"env_id": "my_panda_free_space_traj", "t_start": 1584678081.0489094}
r,l,t
457.435677,1000,8.563107
298.740498,1000,13.859935
406.085126,1000,19.110679
412.970044,1000,24.336596
339.294775,1000,29.349478
362.694395,1000,34.556368
335.161914,1000,39.785878
442.727039,1000,44.747922
349.934853,1000,49.952987
471.120451,1000,55.485585
