#{"env_id": "my_panda_free_space_traj", "t_start": 1584715939.250935}
r,l,t
252.710741,1000,7.550995
380.558852,1000,12.084219
446.363884,1000,16.673323
350.523757,1000,21.323446
502.797793,1000,25.936673
410.015141,1000,30.322365
373.371518,1000,34.923252
435.595013,1000,39.512466
391.940632,1000,44.168622
