#{"env_id": "my_panda_free_space_traj", "t_start": 1584701266.2458408}
r,l,t
383.298543,1000,7.829097
339.832927,1000,12.486956
501.512,1000,17.098723
385.457568,1000,21.804637
289.633525,1000,26.495482
348.285899,1000,30.822402
329.231852,1000,35.482775
375.11286,1000,39.983586
320.55518,1000,44.687117
