#{"env_id": "my_panda_free_space_traj", "t_start": 1584712817.8989563}
r,l,t
414.35197,1000,7.542197
441.450353,1000,12.163428
403.285403,1000,16.778735
447.136203,1000,21.434608
383.80505,1000,26.280053
320.691459,1000,30.684205
460.879442,1000,35.357338
403.387547,1000,40.14
466.908276,1000,44.732037
