#{"env_id": "my_panda_free_space_traj", "t_start": 1584689837.3600574}
r,l,t
497.725975,1000,7.327686
364.727752,1000,11.756214
374.441668,1000,16.496242
415.070896,1000,20.944695
347.230877,1000,25.178975
531.789109,1000,29.647568
389.184992,1000,34.319163
372.954117,1000,39.026299
400.033065,1000,43.679372
