#{"env_id": "my_panda_free_space_traj", "t_start": 1584669726.1192594}
r,l,t
304.007308,1000,8.476752
321.486715,1000,14.873846
357.594659,1000,20.207625
339.678783,1000,26.280958
281.942191,1000,31.778664
408.488135,1000,38.190791
365.51406,1000,43.541777
359.66488,1000,49.363197
398.788033,1000,55.369082
401.853491,1000,61.517501
