#{"env_id": "my_panda_free_space_traj", "t_start": 1584710729.6149218}
r,l,t
329.413054,1000,7.580299
331.18758,1000,12.064449
310.841463,1000,16.772085
270.581088,1000,21.264135
522.568695,1000,25.572342
425.067839,1000,30.074478
445.89221,1000,34.702649
318.747436,1000,39.221209
249.589843,1000,43.744914
