#{"env_id": "my_panda_free_space_traj", "t_start": 1584670155.9065354}
r,l,t
301.172329,1000,8.58946
383.357217,1000,15.09854
346.843518,1000,20.273124
427.915914,1000,26.62441
508.135557,1000,32.40347
433.205445,1000,37.828922
377.755844,1000,42.927069
335.852746,1000,48.579022
373.951914,1000,54.261964
548.404643,1000,59.304547
