#{"env_id": "my_panda_free_space_traj", "t_start": 1584674276.7408488}
r,l,t
422.229618,1000,8.833186
352.623678,1000,14.816849
371.387876,1000,20.192893
306.690063,1000,25.79243
384.207818,1000,31.689748
360.513947,1000,37.034491
407.337703,1000,42.127007
283.172014,1000,47.415397
534.523068,1000,52.701852
247.564534,1000,57.944468
