#{"env_id": "my_panda_free_space_traj", "t_start": 1584704693.7215211}
r,l,t
588.786626,1000,7.393131
539.410779,1000,11.52769
648.002585,1000,15.796519
795.806352,1000,20.036041
874.82959,1000,24.049849
1135.330971,1000,28.453843
1064.319535,1000,32.873957
994.144522,1000,37.348843
1359.862945,1000,41.648344
