#{"env_id": "my_panda_free_space_traj", "t_start": 1584677671.2715921}
r,l,t
246.851651,1000,8.410999
222.006316,1000,14.210172
336.670745,1000,19.266643
340.348536,1000,24.553903
597.586951,1000,29.836927
456.950371,1000,35.098401
389.332562,1000,40.22422
408.962692,1000,45.456139
359.880598,1000,50.730015
319.512791,1000,55.745829
