#{"env_id": "my_panda_free_space_traj", "t_start": 1584685399.3335934}
r,l,t
327.096351,1000,7.591634
359.490417,1000,12.337835
411.675527,1000,16.872641
398.218246,1000,21.483194
614.369071,1000,26.031664
395.730054,1000,30.346902
288.80919,1000,34.891436
339.439457,1000,39.351775
362.302438,1000,43.824534
