#{"env_id": "my_panda_free_space_traj", "t_start": 1584675485.0929818}
r,l,t
379.359888,1000,8.623964
490.603845,1000,14.965427
470.936932,1000,21.082597
446.569622,1000,27.577385
388.372664,1000,32.906597
363.692673,1000,38.105522
438.165391,1000,43.129966
453.672013,1000,48.325942
607.426894,1000,53.69336
341.751032,1000,60.000073
