#{"env_id": "my_panda_free_space_traj", "t_start": 1584700622.1219735}
r,l,t
509.655354,1000,7.497665
300.766602,1000,12.074364
381.440976,1000,16.831637
340.876002,1000,21.35771
390.740036,1000,25.941614
387.446671,1000,30.272742
481.260594,1000,34.90352
502.938282,1000,39.406423
330.311813,1000,44.140549
