#{"env_id": "my_panda_free_space_traj", "t_start": 1584718511.6612031}
r,l,t
347.467294,1000,7.352645
325.999431,1000,11.596179
379.831719,1000,16.053732
312.685282,1000,20.675499
298.133679,1000,25.034921
306.478028,1000,29.575215
497.156565,1000,34.010266
644.902689,1000,38.429445
320.001035,1000,42.947057
