#{"env_id": "my_panda_free_space_traj", "t_start": 1584724033.7889009}
r,l,t
343.811479,1000,7.702666
470.162236,1000,12.161397
331.834366,1000,16.641083
638.268241,1000,21.128259
340.579724,1000,25.645012
360.15483,1000,29.876019
451.951058,1000,34.356324
559.711099,1000,38.832227
252.861572,1000,43.418584
