#{"env_id": "my_panda_free_space_traj", "t_start": 1584720497.3951395}
r,l,t
388.510458,1000,7.625157
365.352284,1000,12.228138
382.783997,1000,16.804849
389.605322,1000,21.331039
302.795322,1000,25.900653
329.363765,1000,30.170995
382.595814,1000,34.738089
335.800389,1000,39.224009
375.346927,1000,43.672792
