#{"env_id": "my_panda_free_space_traj", "t_start": 1584707748.1940641}
r,l,t
412.422633,1000,7.535107
630.504539,1000,11.826057
389.110665,1000,16.513968
451.045552,1000,21.199042
438.557954,1000,25.532175
425.038969,1000,30.330695
352.52147,1000,35.008626
428.864854,1000,39.814374
496.832456,1000,44.406792
