#{"env_id": "my_panda_free_space_traj", "t_start": 1584676506.2479248}
r,l,t
317.606094,1000,8.014059
290.428795,1000,13.207534
349.744343,1000,18.184819
399.238489,1000,23.400377
487.779313,1000,28.612745
386.062681,1000,33.761442
407.126604,1000,38.787044
405.656648,1000,44.003782
342.999847,1000,49.234093
369.846244,1000,54.566894
