#{"env_id": "my_panda_free_space_traj", "t_start": 1584705862.557177}
r,l,t
326.020165,1000,8.024684
156.491137,1000,12.749359
179.774673,1000,17.778133
336.742717,1000,22.719913
202.0004,1000,27.431489
208.13231,1000,32.353451
165.678825,1000,37.290724
200.901801,1000,42.308158
267.966938,1000,47.02483
