#{"env_id": "my_panda_free_space_traj", "t_start": 1584680029.81027}
r,l,t
312.917849,1000,8.580489
308.67805,1000,13.662006
422.464045,1000,19.600604
317.288127,1000,25.886657
336.387816,1000,31.567463
612.68617,1000,37.420063
341.565876,1000,42.771331
466.041346,1000,48.041169
489.029295,1000,53.061425
435.151701,1000,59.314987
