#{"env_id": "my_panda_free_space_traj", "t_start": 1584669909.3184955}
r,l,t
344.085175,1000,8.468192
391.086951,1000,13.848146
371.059556,1000,19.219402
360.99943,1000,25.569093
406.551173,1000,30.689455
384.218049,1000,36.20474
384.375866,1000,42.698509
347.456963,1000,47.787276
389.278187,1000,53.101035
262.553746,1000,59.293592
