#{"env_id": "my_panda_free_space_traj", "t_start": 1584674217.175855}
r,l,t
414.250791,1000,8.096103
380.216172,1000,13.371885
441.783365,1000,18.745442
536.783981,1000,24.642314
283.531182,1000,30.032632
349.250268,1000,36.119174
565.220985,1000,41.858812
530.799267,1000,47.227258
542.641141,1000,52.293744
357.088397,1000,57.631832
