#{"env_id": "my_panda_free_space_traj", "t_start": 1584694767.1888733}
r,l,t
377.719599,1000,7.396053
448.142411,1000,11.931176
375.431738,1000,16.412384
469.592415,1000,20.927072
380.500975,1000,25.50415
604.690761,1000,29.710815
374.456522,1000,34.357423
427.385933,1000,38.901736
459.971804,1000,43.47866
