#{"env_id": "my_panda_free_space_traj", "t_start": 1584718119.1512609}
r,l,t
406.936247,1000,7.224981
334.959974,1000,11.759989
315.220525,1000,16.525762
513.144801,1000,21.204946
354.656682,1000,25.791246
372.587386,1000,30.093937
346.327773,1000,34.755424
464.814243,1000,39.290683
390.076365,1000,44.065573
