#{"env_id": "my_panda_free_space_traj", "t_start": 1584685105.7650099}
r,l,t
423.971565,1000,7.511082
398.574314,1000,11.739022
349.540401,1000,16.162978
428.926258,1000,20.73102
365.481394,1000,25.056623
554.882857,1000,29.512702
436.165845,1000,34.101266
513.167499,1000,38.873654
391.940585,1000,43.301274
