#{"env_id": "my_panda_free_space_traj", "t_start": 1584727034.0989194}
r,l,t
373.754205,1000,7.156013
320.689051,1000,11.612798
399.163798,1000,16.050828
323.441228,1000,20.524353
409.847492,1000,24.99666
321.229287,1000,29.230932
476.803737,1000,33.72012
407.319432,1000,38.160256
367.261454,1000,42.63153
