#{"t_start": 1586388186.1712394, "env_id": "my_panda_free_space_traj"}
r,l,t
142.152487,500,21.040252
225.889853,500,31.880076
128.058851,500,42.575527
175.511755,500,52.557151
149.531231,500,62.910379
187.628229,500,72.807621
211.934569,500,82.870412
219.276826,500,93.245675
139.259587,500,103.399861
206.252231,500,113.496824
216.073817,500,124.098995
217.729277,500,134.265607
411.114341,500,144.563695
163.983116,500,154.872577
203.257805,500,164.958571
160.776487,500,175.622205
220.928251,500,186.432623
264.057475,500,197.778872
290.620825,500,207.627913
401.107623,500,217.858565
649.068427,500,228.266314
652.448607,500,238.434147
732.496104,500,248.141756
1179.82513,500,257.804454
1032.854826,500,267.326298
1248.592021,500,276.660303
1255.054129,500,286.001679
1377.751474,500,295.50219
1588.212891,500,305.932705
1407.515823,500,315.296997
998.810802,500,324.863187
1520.656676,500,334.278599
1520.576838,500,343.67625
1702.336407,500,353.679468
1586.70785,500,363.558983
1746.432385,500,373.189384
2206.528097,500,382.894091
2538.336514,500,392.878996
2345.143105,500,402.735759
3003.20991,500,412.693782
3381.166096,500,423.010954
3062.462833,500,433.773484
3772.551682,500,443.987605
3167.200635,500,454.459472
3787.432382,500,464.896573
3989.073554,500,475.28072
4079.339889,500,485.711734
4292.26321,500,496.417522
4854.561351,500,506.963017
4633.809614,500,517.539934
5050.641578,500,528.381605
4922.576606,500,539.23897
6048.523293,500,549.761334
6268.696308,500,560.874295
5801.244483,500,571.508001
