#{"env_id": "my_panda_free_space_traj", "t_start": 1584709688.9858975}
r,l,t
425.72819,1000,7.465631
396.786829,1000,12.130622
328.567422,1000,16.867592
506.338599,1000,21.542591
527.454068,1000,26.121765
359.743391,1000,30.403121
496.519036,1000,35.020028
405.327133,1000,39.57884
365.183392,1000,44.153549
