#{"env_id": "my_panda_free_space_traj", "t_start": 1584690820.4026167}
r,l,t
349.974215,1000,7.824301
282.52668,1000,12.405684
353.928483,1000,17.05407
305.880464,1000,21.612661
467.724147,1000,26.398147
484.670757,1000,30.647306
376.990984,1000,35.209979
312.156161,1000,39.661231
346.629154,1000,44.158136
