#{"env_id": "my_panda_free_space_traj", "t_start": 1584718995.8528762}
r,l,t
430.457826,1000,7.444827
394.624998,1000,11.78763
454.99757,1000,16.274533
360.252202,1000,20.755417
450.557628,1000,25.088257
551.166701,1000,29.755755
399.083693,1000,34.204041
387.866014,1000,38.64364
494.703721,1000,43.15405
