#{"env_id": "my_panda_free_space_traj", "t_start": 1584669667.1301625}
r,l,t
328.434298,1000,8.417415
398.196414,1000,13.662158
342.960027,1000,18.725346
348.091244,1000,24.716416
449.434718,1000,30.265298
364.073722,1000,36.472644
335.430938,1000,41.521356
409.870091,1000,46.810859
387.226434,1000,52.135212
305.208963,1000,57.377171
