#{"env_id": "my_panda_free_space_traj", "t_start": 1584725781.0608835}
r,l,t
311.623686,1000,7.325956
362.942729,1000,11.9017
350.440379,1000,16.437677
331.667157,1000,21.086687
378.757789,1000,25.814106
622.040628,1000,30.097234
380.643994,1000,34.676105
319.888585,1000,39.141102
356.008359,1000,43.580779
