#{"env_id": "my_panda_free_space_traj", "t_start": 1584723647.0664039}
r,l,t
302.99066,1000,7.630931
387.844527,1000,11.85174
422.85593,1000,16.32438
271.943951,1000,20.761845
319.110464,1000,24.971056
421.747344,1000,29.445233
350.689972,1000,33.895045
285.373043,1000,38.445416
367.19859,1000,42.862383
