#{"env_id": "my_panda_free_space_traj", "t_start": 1584717822.2840667}
r,l,t
370.753276,1000,7.473269
407.715904,1000,11.912403
389.174208,1000,16.563983
420.254547,1000,21.18232
445.020677,1000,25.559078
281.4472,1000,30.046799
388.057122,1000,34.671631
425.623023,1000,39.225011
310.336995,1000,44.390182
