#{"env_id": "my_panda_free_space_traj", "t_start": 1584711476.0509615}
r,l,t
353.807676,1000,7.708924
380.30174,1000,12.318561
530.532802,1000,16.963205
426.585306,1000,21.58339
363.678096,1000,26.334479
506.476848,1000,30.67141
482.895897,1000,35.275829
331.824153,1000,39.995108
636.258885,1000,44.754663
