#{"env_id": "my_panda_free_space_traj", "t_start": 1584674762.8118706}
r,l,t
282.855678,1000,8.03799
348.575189,1000,13.273065
452.57758,1000,18.511112
354.64976,1000,24.291709
509.228162,1000,29.820378
355.414695,1000,35.238263
360.676016,1000,40.619137
291.047028,1000,45.842651
422.52669,1000,50.878778
391.832106,1000,56.95067
