#{"env_id": "my_panda_free_space_traj", "t_start": 1584688607.5459294}
r,l,t
404.51655,1000,7.333438
378.910679,1000,11.666536
343.780254,1000,16.105601
493.684553,1000,20.586734
410.433413,1000,24.998598
545.791708,1000,29.588081
348.281928,1000,34.146988
360.353009,1000,38.603192
408.523108,1000,43.094124
