#{"env_id": "my_panda_free_space_traj", "t_start": 1584683365.5485866}
r,l,t
189.587597,1000,7.603354
137.892419,1000,12.254315
213.102409,1000,17.02252
205.622715,1000,21.839689
191.295322,1000,26.549969
283.84769,1000,30.96719
205.598749,1000,35.825371
233.008497,1000,40.463639
259.567602,1000,44.99381
