#{"env_id": "my_panda_free_space_traj", "t_start": 1584720208.6228995}
r,l,t
344.905729,1000,7.39421
433.018378,1000,11.619893
265.222037,1000,16.071711
330.592488,1000,20.602833
346.748953,1000,24.962202
411.86411,1000,29.386131
258.714494,1000,33.91704
371.638007,1000,38.377361
335.595677,1000,42.877416
