#{"env_id": "my_panda_free_space_traj", "t_start": 1584697891.0884447}
r,l,t
287.814563,1000,7.556796
331.700793,1000,12.236192
367.771672,1000,17.230951
394.665806,1000,21.891781
443.50431,1000,26.542054
358.314347,1000,30.891907
345.661148,1000,35.495753
500.690124,1000,40.05442
505.059312,1000,44.621553
