#{"env_id": "my_panda_free_space_traj", "t_start": 1584684166.430275}
r,l,t
385.009729,1000,7.294956
345.132033,1000,11.965137
369.250975,1000,16.590723
445.715341,1000,21.211952
386.385936,1000,25.963888
368.90013,1000,30.489564
335.763673,1000,35.207578
441.59109,1000,39.822573
471.729418,1000,44.603279
