#{"env_id": "my_panda_free_space_traj", "t_start": 1584706276.124662}
r,l,t
324.269473,1000,7.822321
176.789078,1000,12.601999
169.271677,1000,17.457376
204.491169,1000,22.436722
161.185364,1000,27.715584
174.481517,1000,32.172791
225.484074,1000,36.928067
141.49504,1000,41.705718
153.164163,1000,46.452609
