#{"env_id": "my_panda_free_space_traj", "t_start": 1584713166.2813768}
r,l,t
343.439583,1000,7.968352
428.912224,1000,12.459447
367.888746,1000,17.098117
480.223696,1000,21.90544
314.194757,1000,26.370057
368.554665,1000,31.058724
399.772179,1000,35.657571
391.906862,1000,40.432245
535.746277,1000,45.084124
