#{"env_id": "my_panda_free_space_traj", "t_start": 1584707296.7409632}
r,l,t
239.260102,1000,7.462574
148.169035,1000,11.911065
134.5162,1000,16.506585
127.367604,1000,21.068311
253.363399,1000,25.733261
166.32419,1000,30.294634
128.236187,1000,34.707684
159.849232,1000,39.076721
227.454681,1000,43.533297
