#{"env_id": "my_panda_free_space_traj", "t_start": 1585768224.1544876}
r,l,t
217.720848,500,14.897444
283.487899,500,26.020718
154.307501,500,37.133795
203.867626,500,47.837439
