#{"env_id": "my_panda_free_space_traj", "t_start": 1584712618.7267747}
r,l,t
351.35908,1000,7.693329
685.894666,1000,12.4775
408.812839,1000,17.363869
406.760801,1000,22.155702
554.867153,1000,26.795346
360.344772,1000,31.109969
354.816103,1000,35.700548
521.055182,1000,40.270354
515.034099,1000,44.87726
