#{"env_id": "my_panda_free_space_traj", "t_start": 1584709637.77809}
r,l,t
464.882924,1000,7.370037
340.204354,1000,12.132994
288.838413,1000,16.994226
379.444723,1000,21.966676
329.189567,1000,26.71592
403.425063,1000,31.165102
431.078432,1000,36.119114
310.060769,1000,40.89389
448.866241,1000,45.636391
