#{"env_id": "my_panda_free_space_traj", "t_start": 1584696645.9727607}
r,l,t
319.840477,1000,7.426568
281.85107,1000,12.0116
433.064278,1000,16.55587
337.489105,1000,21.270601
450.112426,1000,25.858779
496.623821,1000,30.223833
382.237447,1000,34.81877
334.303415,1000,39.441956
435.834995,1000,43.952214
