#{"env_id": "my_panda_free_space_traj", "t_start": 1584685694.3635423}
r,l,t
322.780091,1000,7.862572
454.3229,1000,12.284096
432.241282,1000,17.110398
341.667464,1000,21.883942
393.99169,1000,26.335655
417.468026,1000,30.833547
396.261825,1000,35.552906
376.61751,1000,40.036331
454.560281,1000,44.476995
