#{"env_id": "my_panda_free_space_traj", "t_start": 1584693439.570795}
r,l,t
318.291228,1000,7.188542
472.595426,1000,11.768737
391.081093,1000,16.380016
400.439044,1000,20.929392
338.012997,1000,25.403596
486.411487,1000,29.686125
520.333065,1000,34.23882
514.564325,1000,38.750723
372.938142,1000,43.307694
