#{"env_id": "my_panda_free_space_traj", "t_start": 1584691806.1211972}
r,l,t
395.554188,1000,7.466985
399.03644,1000,11.996259
299.499937,1000,16.803352
454.0441,1000,21.444032
291.087412,1000,26.043782
282.422883,1000,30.338046
339.627351,1000,34.882715
295.263306,1000,39.362987
414.205868,1000,44.104211
