#{"env_id": "my_panda_free_space_traj", "t_start": 1584706432.8297255}
r,l,t
399.814697,1000,7.810964
335.903279,1000,12.333248
282.947717,1000,16.759571
311.34723,1000,21.268764
362.318845,1000,25.522416
339.459344,1000,30.047564
341.919594,1000,34.752056
240.558471,1000,39.485558
351.398378,1000,43.99909
