#{"env_id": "my_panda_free_space_traj", "t_start": 1584674640.818594}
r,l,t
734.44292,1000,8.011534
288.854078,1000,13.986275
406.022014,1000,20.01835
349.943245,1000,25.319942
340.195467,1000,30.518
386.81464,1000,36.32046
361.785861,1000,42.081214
464.071521,1000,48.244723
463.148279,1000,54.625765
450.574961,1000,60.386047
