#{"env_id": "my_panda_free_space_traj", "t_start": 1584671786.1176386}
r,l,t
426.669234,1000,8.296403
298.464256,1000,13.598518
361.370662,1000,19.611677
446.086689,1000,24.938323
435.513397,1000,30.574839
274.854445,1000,35.804521
289.856434,1000,41.065963
269.167005,1000,46.327745
296.990611,1000,51.37991
336.48852,1000,57.936012
