#{"env_id": "my_panda_free_space_traj", "t_start": 1584673846.8774755}
r,l,t
389.21786,1000,8.591197
346.728756,1000,14.805639
487.064513,1000,20.110437
419.662825,1000,25.940898
437.139706,1000,31.667457
404.32181,1000,36.896807
392.11123,1000,42.125523
409.626616,1000,47.332253
436.35254,1000,53.53265
461.964175,1000,59.557141
