#{"env_id": "my_panda_free_space_traj", "t_start": 1584691067.4091046}
r,l,t
342.773827,1000,7.491185
363.176351,1000,12.233246
348.619266,1000,16.769305
402.403752,1000,21.355377
303.580382,1000,25.897447
480.262184,1000,30.135215
452.036455,1000,34.729251
368.19071,1000,39.287596
505.14643,1000,43.991331
