#{"env_id": "my_panda_free_space_traj", "t_start": 1584692154.370687}
r,l,t
458.627681,1000,7.73623
387.455894,1000,12.273464
402.430093,1000,16.856322
267.51996,1000,21.837563
349.486987,1000,26.244161
337.500383,1000,30.869534
375.608546,1000,35.653757
270.22254,1000,40.28146
436.76047,1000,44.97345
