#{"env_id": "my_panda_free_space_traj", "t_start": 1584696893.7000165}
r,l,t
365.774563,1000,8.017149
531.185703,1000,12.465203
352.363165,1000,17.041206
340.192507,1000,21.631555
343.896744,1000,25.876356
308.494062,1000,30.4765
380.22047,1000,35.244684
408.177169,1000,39.85694
353.071135,1000,44.442715
