#{"env_id": "my_panda_free_space_traj", "t_start": 1584715002.068811}
r,l,t
340.874782,1000,7.232377
429.506857,1000,11.666905
333.730221,1000,16.158351
281.715244,1000,20.623469
395.606101,1000,25.37461
357.891024,1000,29.629043
557.424644,1000,34.149347
444.165853,1000,38.910692
444.175636,1000,43.554561
