#{"env_id": "my_panda_free_space_traj", "t_start": 1584725491.7973285}
r,l,t
274.334333,1000,7.391302
441.70548,1000,11.651885
313.385992,1000,16.114019
300.497329,1000,20.619578
401.892337,1000,24.814252
350.872595,1000,29.242342
365.833975,1000,33.745132
381.927583,1000,38.207052
441.705552,1000,42.660738
