#{"env_id": "my_panda_free_space_traj", "t_start": 1585768225.6841145}
r,l,t
171.607048,500,14.763134
287.415886,500,25.585558
204.694795,500,36.265252
181.398998,500,46.533779
