#{"env_id": "my_panda_free_space_traj", "t_start": 1585768226.521409}
r,l,t
281.614993,500,14.955798
161.512469,500,25.721774
182.261654,500,36.152373
270.179335,500,46.750007
