#{"env_id": "my_panda_free_space_traj", "t_start": 1585768228.3594332}
r,l,t
172.189891,500,14.73295
199.055325,500,25.522339
194.764722,500,36.223616
184.897407,500,46.636741
