#{"env_id": "my_panda_free_space_traj", "t_start": 1584714407.775285}
r,l,t
514.955551,1000,7.390275
422.150992,1000,12.216101
262.446799,1000,16.775242
520.306459,1000,21.408204
481.458373,1000,26.082361
572.379689,1000,30.435346
327.996621,1000,35.102368
471.484908,1000,40.000171
395.862686,1000,44.58296
