#{"env_id": "my_panda_free_space_traj", "t_start": 1584713665.319333}
r,l,t
383.658264,1000,7.954611
415.845857,1000,12.360674
284.374524,1000,17.097548
374.46278,1000,21.760779
251.397692,1000,26.31204
449.296095,1000,31.099092
439.679658,1000,35.752046
305.798923,1000,40.364741
431.970824,1000,44.895203
