#{"env_id": "my_panda_free_space_traj", "t_start": 1584693685.1630948}
r,l,t
447.43502,1000,7.258549
390.814484,1000,11.845659
481.372509,1000,16.452156
450.811079,1000,21.323571
385.266908,1000,25.975931
309.484643,1000,30.293218
357.929127,1000,34.779891
373.031488,1000,39.300748
408.152369,1000,43.935482
