#{"env_id": "my_panda_free_space_traj", "t_start": 1584701167.9681566}
r,l,t
570.353826,1000,7.378655
464.572559,1000,12.129876
392.121696,1000,16.63515
358.817975,1000,21.300123
322.225187,1000,25.825783
269.497515,1000,30.117669
342.462047,1000,34.699952
408.589812,1000,39.197493
453.983847,1000,43.944652
