#{"env_id": "my_panda_free_space_traj", "t_start": 1586371702.5650194}
r,l,t
207.902489,500,17.025996
183.211512,500,27.787916
304.662425,500,38.82632
155.91706,500,49.77623
182.212082,500,60.480752
193.763167,500,71.228389
220.498407,500,81.623363
221.213078,500,91.979214
292.775575,500,102.203218
286.195253,500,112.723258
340.54404,500,122.980649
480.726017,500,133.04277
493.794949,500,143.264906
658.905942,500,153.160775
1094.624814,500,163.138992
1780.370426,500,173.147569
1689.840869,500,183.438653
1744.679513,500,193.579624
2132.626979,500,203.731732
2714.551473,500,214.289869
3060.886733,500,224.585087
3091.332157,500,234.666968
3082.596804,500,245.049972
3022.129294,500,255.298505
3276.269811,500,265.607144
3094.358467,500,275.994125
3635.549875,500,286.153784
3754.928724,500,296.275826
3924.182238,500,306.419967
4221.762778,500,316.844325
4463.702445,500,326.99233
5264.667917,500,337.093864
4693.995845,500,347.204272
5381.189678,500,357.586817
5653.185055,500,368.365452
6585.427823,500,379.695918
5188.398063,500,390.135924
5736.848249,500,401.640162
6172.07793,500,411.809279
6239.017778,500,422.553414
6186.451884,500,433.287564
6395.576467,500,443.435045
