#{"env_id": "my_panda_free_space_traj", "t_start": 1586371703.4209938}
r,l,t
141.816703,500,17.150497
109.913605,500,27.890171
186.370091,500,38.717723
171.920471,500,49.66493
157.109192,500,60.581923
289.611359,500,71.114984
176.59946,500,81.51094
232.465427,500,92.088074
283.019196,500,102.310865
187.4098,500,112.60372
341.654594,500,123.072
347.889582,500,133.135117
553.921885,500,143.138825
679.072476,500,153.257186
931.014187,500,163.250612
1537.667284,500,173.222118
1696.791531,500,183.320225
1623.814901,500,193.680142
2020.323413,500,203.852531
2785.771824,500,214.172869
2963.075066,500,224.465695
2551.110677,500,234.766703
2896.176351,500,244.931303
3239.949425,500,255.393047
3267.457747,500,265.720073
2955.848574,500,275.8627
3527.093146,500,286.024281
3457.834323,500,296.36451
3604.342446,500,306.540354
3670.619947,500,316.723752
4077.759893,500,327.08634
4730.779388,500,337.188235
5333.669455,500,347.288243
5091.979889,500,357.467953
6051.530483,500,368.732689
5499.640415,500,379.646018
5459.165195,500,390.090006
5955.953317,500,401.732979
5875.725751,500,411.908591
7916.191588,500,422.434608
6533.568848,500,433.396905
5973.03628,500,443.539093
