#{"env_id": "my_panda_free_space_traj", "t_start": 1586371704.2960794}
r,l,t
163.620472,500,17.018079
202.137179,500,27.769504
132.358741,500,38.813746
171.785324,500,49.758493
160.311144,500,60.446045
138.618043,500,71.184746
237.873174,500,81.578548
156.283821,500,91.950016
233.401986,500,102.177363
280.553749,500,112.683477
415.091077,500,122.92406
697.907314,500,133.214556
501.440013,500,143.206396
647.453066,500,153.112406
897.637508,500,163.10228
1267.50966,500,173.282355
1622.549335,500,183.383775
1370.169267,500,193.545558
2333.652444,500,203.964562
2747.313077,500,214.247135
3315.002008,500,224.517282
2335.762822,500,234.630155
3256.80499,500,245.002316
3070.588851,500,255.240984
3303.066387,500,265.581218
3543.019767,500,275.931139
2738.366991,500,286.079441
3567.462413,500,296.216755
3921.83387,500,306.618533
4198.282381,500,316.803891
4279.492972,500,326.933569
4705.303237,500,337.041359
4813.815921,500,347.362457
5455.375258,500,357.534132
5704.972651,500,368.592083
6050.18794,500,379.718132
5557.425306,500,390.182262
5737.247514,500,401.582052
6415.752193,500,411.760621
7119.747114,500,422.500472
6161.604282,500,433.257329
