#{"env_id": "my_panda_free_space_traj", "t_start": 1584680493.5979087}
r,l,t
415.561769,1000,7.333622
356.634995,1000,11.92624
270.952335,1000,16.50554
306.77244,1000,20.802504
339.189842,1000,25.341757
341.720469,1000,29.920609
392.737762,1000,34.429595
312.351346,1000,39.064269
317.539729,1000,43.545353
