#{"env_id": "my_panda_free_space_traj", "t_start": 1584711076.69014}
r,l,t
347.650869,1000,7.493792
332.625096,1000,12.188062
300.146371,1000,16.85045
326.345495,1000,21.446644
315.134045,1000,25.99436
324.607639,1000,30.224971
309.287031,1000,35.018013
416.816372,1000,39.480486
414.687348,1000,43.996319
