#{"env_id": "my_panda_free_space_traj", "t_start": 1584704892.859418}
r,l,t
473.527115,1000,7.331383
557.78203,1000,11.854332
542.106736,1000,16.472179
525.332245,1000,21.116251
472.796028,1000,25.771011
472.981786,1000,30.106956
594.755142,1000,34.684215
520.062646,1000,39.366117
500.262374,1000,43.989639
