#{"env_id": "my_panda_free_space_traj", "t_start": 1584707396.540751}
r,l,t
266.438368,1000,7.151073
229.253856,1000,11.514132
375.932442,1000,16.08901
260.077371,1000,20.504667
298.192271,1000,24.930936
240.903055,1000,29.025857
361.913579,1000,33.374125
483.390323,1000,37.82652
269.393849,1000,42.2088
