#{"env_id": "my_panda_free_space_traj", "t_start": 1586371804.8400688}
r,l,t
312.074175,500,16.957184
340.523186,500,27.153896
151.459475,500,37.442591
184.680055,500,47.627917
458.06183,500,58.154743
288.786423,500,68.449785
445.432036,500,78.57707
740.04424,500,88.844147
811.86164,500,99.061902
806.525373,500,109.079272
1228.974959,500,119.301853
1411.041649,500,129.324435
1944.458617,500,139.42563
2092.973244,500,149.883412
2539.669725,500,160.249331
1320.82592,500,170.598235
1664.780887,500,180.949972
2491.632777,500,191.587503
2577.812298,500,202.072013
3104.42453,500,212.758166
2844.808778,500,223.296464
2249.083553,500,234.000669
2617.640377,500,244.551491
2971.481617,500,255.415457
3031.136037,500,266.172268
3398.707503,500,276.980916
3237.399014,500,288.615625
3061.163464,500,299.604732
3869.048496,500,310.283499
3166.526171,500,321.146955
3404.900223,500,332.550442
