#{"env_id": "my_panda_free_space_traj", "t_start": 1584671606.2879865}
r,l,t
470.323085,1000,9.081147
362.019482,1000,14.159949
354.967826,1000,19.482274
257.414359,1000,25.031402
356.315361,1000,30.09151
400.461727,1000,35.322576
333.230916,1000,40.540258
368.949174,1000,45.793533
436.084696,1000,51.024102
484.456341,1000,56.052042
