#{"env_id": "my_panda_free_space_traj", "t_start": 1584727370.022123}
r,l,t
346.274102,1000,7.150395
322.000166,1000,11.643043
287.856,1000,16.034521
510.908012,1000,20.508728
307.29083,1000,25.021934
354.66438,1000,29.251543
410.904189,1000,33.73528
352.601113,1000,38.225871
402.327085,1000,42.662095
