#{"env_id": "my_panda_free_space_traj", "t_start": 1584722728.9952295}
r,l,t
301.805735,1000,7.422251
348.092991,1000,11.834873
615.83787,1000,16.277835
359.827063,1000,20.720734
330.249535,1000,25.211596
393.910668,1000,29.427663
361.764756,1000,33.895497
407.25648,1000,38.372335
322.222667,1000,42.844672
