#{"env_id": "my_panda_free_space_traj", "t_start": 1584710284.5251348}
r,l,t
320.37354,1000,7.201618
416.949922,1000,11.8344
364.369329,1000,16.47936
293.539835,1000,21.051934
224.120777,1000,25.587737
276.197686,1000,30.080715
374.259092,1000,34.587694
315.536752,1000,39.056955
423.601327,1000,43.503356
