#{"env_id": "my_panda_free_space_traj", "t_start": 1584725007.6337662}
r,l,t
298.584867,1000,7.130144
415.284844,1000,11.586199
286.49849,1000,16.031955
365.908586,1000,20.501934
299.629202,1000,25.011337
318.391074,1000,29.274763
446.666772,1000,33.809255
388.278196,1000,38.283631
463.503812,1000,42.758363
