#{"env_id": "my_panda_free_space_traj", "t_start": 1584718849.5901244}
r,l,t
310.444826,1000,7.566719
429.871295,1000,12.187373
311.004653,1000,16.809013
277.815182,1000,21.335792
303.52339,1000,25.915586
353.206985,1000,30.170207
408.928956,1000,34.701684
343.51571,1000,39.216476
328.637488,1000,43.764283
