#{"t_start": 1586371591.2997277, "env_id": "my_panda_free_space_traj"}
r,l,t
235.24456,500,17.824908
322.598936,500,27.722176
320.602713,500,37.851768
542.602915,500,48.921837
1041.128845,500,59.191559
1321.74323,500,69.50096
1442.346755,500,79.917145
1866.147273,500,90.281701
2722.445024,500,100.8959
3663.432959,500,111.695707
3126.077375,500,122.298442
3177.508032,500,132.887029
4245.910865,500,143.202453
3848.4128,500,153.54286
4852.714242,500,163.862907
4789.003923,500,174.300314
6025.773608,500,184.888798
6703.37436,500,195.514728
6512.206076,500,206.442122
7715.030514,500,217.144863
8972.696051,500,227.538194
8166.654847,500,238.182198
9323.663545,500,249.329631
8803.808939,500,260.231246
9947.355933,500,270.821292
10246.895415,500,281.583207
13136.046616,500,292.029717
12347.835986,500,302.586928
11865.909355,500,313.135149
13200.237438,500,323.522447
13107.221906,500,333.932388
12903.970771,500,344.372448
13649.855186,500,354.718463
14352.128542,500,364.909902
12697.401667,500,375.128217
16356.2538,500,385.550536
17083.042065,500,395.760551
17143.677947,500,406.09481
16907.292051,500,416.306079
16292.23441,500,426.804908
20098.107647,500,436.930581
16570.603338,500,447.282654
14865.145999,500,457.476682
18085.799379,500,467.682333
19178.843062,500,478.050648
21220.590642,500,488.942595
20477.671048,500,499.051176
19094.407648,500,511.351284
20624.577188,500,522.509556
21203.445661,500,533.698395
19621.559435,500,544.557995
22335.989167,500,555.284445
