#{"env_id": "my_panda_free_space_traj", "t_start": 1584684759.8438601}
r,l,t
332.53874,1000,7.475001
396.247168,1000,12.22489
348.299723,1000,16.955437
378.64135,1000,21.691138
451.706462,1000,26.303242
322.469147,1000,30.865652
501.139634,1000,35.855229
388.691112,1000,40.483892
347.464995,1000,45.142305
