#{"env_id": "my_panda_free_space_traj", "t_start": 1585768253.7574723}
r,l,t
206.996079,500,13.979341
180.244453,500,24.172943
