#{"env_id": "my_panda_free_space_traj", "t_start": 1585768254.573628}
r,l,t
220.327873,500,14.075538
301.879568,500,24.360428
