#{"env_id": "my_panda_free_space_traj", "t_start": 1584724619.9584649}
r,l,t
440.20737,1000,7.091896
318.035805,1000,11.531413
307.135016,1000,15.988065
290.372861,1000,20.534586
328.184858,1000,25.013665
359.847415,1000,29.217142
386.915185,1000,33.706666
422.759468,1000,38.199404
250.884135,1000,42.683442
