#{"env_id": "my_panda_free_space_traj", "t_start": 1584721667.275899}
r,l,t
311.869208,1000,7.412426
333.627483,1000,11.886969
339.427365,1000,16.338923
442.696172,1000,20.865529
370.493914,1000,25.331874
349.953279,1000,29.51443
432.463313,1000,33.984449
328.021467,1000,38.470937
330.987278,1000,42.956085
