#{"env_id": "my_panda_free_space_traj", "t_start": 1584707544.75549}
r,l,t
337.708818,1000,7.966445
306.794007,1000,13.172423
236.324527,1000,18.006619
351.568849,1000,22.829828
323.682148,1000,27.679023
260.037861,1000,32.238075
242.808471,1000,37.101243
349.335673,1000,41.879064
290.836039,1000,46.887927
