#{"env_id": "my_panda_free_space_traj", "t_start": 1584717476.6713147}
r,l,t
478.143869,1000,7.558201
327.913497,1000,12.271213
389.569411,1000,16.923496
238.73967,1000,21.399414
347.754895,1000,25.94345
329.242495,1000,30.505857
316.445994,1000,34.995593
432.957063,1000,39.764659
385.879613,1000,44.281382
