#{"env_id": "my_panda_free_space_traj", "t_start": 1584709341.0749252}
r,l,t
398.383021,1000,7.324925
393.840148,1000,11.970689
248.051699,1000,16.545787
328.36974,1000,20.975773
256.560018,1000,25.520887
337.672407,1000,29.789362
281.45974,1000,34.312098
420.309391,1000,38.823071
496.453425,1000,43.453606
