#{"env_id": "my_panda_free_space_traj", "t_start": 1584694865.188369}
r,l,t
271.62033,1000,7.702889
367.604107,1000,12.266373
362.182034,1000,16.819394
388.923471,1000,21.367834
385.824611,1000,25.966553
429.740049,1000,30.224909
389.324897,1000,34.833397
361.194632,1000,39.32695
492.389153,1000,43.878163
