#{"env_id": "my_panda_free_space_traj", "t_start": 1584690477.0513108}
r,l,t
514.661868,1000,7.587262
272.863735,1000,12.187877
479.444228,1000,16.753408
455.284019,1000,21.445529
313.194579,1000,26.218256
391.631512,1000,30.517951
397.790778,1000,35.080996
397.858234,1000,39.828252
340.122488,1000,44.386868
