#{"env_id": "my_panda_free_space_traj", "t_start": 1584716188.687117}
r,l,t
225.182322,1000,7.252789
336.823265,1000,11.887323
274.668039,1000,16.384967
359.443333,1000,20.957087
396.832138,1000,25.460743
407.541737,1000,29.737104
311.640151,1000,34.407095
493.354761,1000,38.99523
333.088099,1000,43.645798
