#{"env_id": "my_panda_free_space_traj", "t_start": 1584721082.08599}
r,l,t
528.792612,1000,7.199474
337.380456,1000,12.227505
343.474517,1000,17.5507
450.954731,1000,22.539959
362.910779,1000,27.414317
359.057499,1000,31.779034
233.447255,1000,36.469959
478.243772,1000,41.102891
378.733966,1000,45.617184
