#{"env_id": "my_panda_free_space_traj", "t_start": 1584702960.6505046}
r,l,t
360.400937,1000,7.232238
360.961507,1000,11.899978
301.897138,1000,16.489274
440.187146,1000,21.1289
432.453296,1000,25.654331
387.523868,1000,30.013417
238.514501,1000,34.587552
209.70046,1000,39.322563
321.059607,1000,43.902563
