#{"env_id": "my_panda_free_space_traj", "t_start": 1584714556.1998918}
r,l,t
518.66897,1000,7.35864
397.787021,1000,12.363504
343.914329,1000,17.130087
442.550127,1000,21.729134
360.99335,1000,26.306951
476.843098,1000,30.83438
494.090644,1000,35.595976
365.939686,1000,40.317151
435.965821,1000,44.977758
