#{"env_id": "my_panda_free_space_traj", "t_start": 1584692253.9615674}
r,l,t
327.626851,1000,7.207443
359.140416,1000,11.673952
503.607484,1000,16.16503
407.423036,1000,20.787241
504.848,1000,25.504031
426.152994,1000,29.758869
346.447872,1000,34.260439
360.862165,1000,38.791278
405.856363,1000,43.318249
