#{"env_id": "my_panda_free_space_traj", "t_start": 1584715790.7803357}
r,l,t
420.433942,1000,7.148188
326.400198,1000,11.77135
386.380665,1000,16.413807
424.300588,1000,21.094674
418.547717,1000,25.645608
493.250947,1000,29.956216
584.039998,1000,34.634452
416.725869,1000,39.135441
384.339392,1000,43.636262
