#{"env_id": "my_panda_free_space_traj", "t_start": 1584717672.9205282}
r,l,t
362.660606,1000,7.556198
267.377226,1000,12.110558
446.312362,1000,16.61975
559.855282,1000,21.1309
343.401224,1000,25.673332
319.719198,1000,29.874066
381.46099,1000,34.413342
345.021542,1000,39.012689
377.567978,1000,43.807783
