#{"env_id": "my_panda_free_space_traj", "t_start": 1584689984.3076203}
r,l,t
394.587766,1000,7.367218
342.005056,1000,11.984157
419.105416,1000,16.508316
315.044545,1000,20.997712
346.077391,1000,25.606471
491.01648,1000,29.886713
345.743767,1000,34.533539
469.809017,1000,39.014411
360.256861,1000,43.865216
