#{"env_id": "my_panda_free_space_traj", "t_start": 1584687917.6462336}
r,l,t
332.245073,1000,7.256071
309.737478,1000,11.80919
446.84224,1000,16.480092
502.503925,1000,21.002912
320.563867,1000,25.257405
600.57814,1000,29.947827
463.477999,1000,34.491366
569.437855,1000,38.930277
360.048277,1000,43.422444
