#{"env_id": "my_panda_free_space_traj", "t_start": 1584691706.9889996}
r,l,t
415.979011,1000,7.577891
312.411393,1000,12.129244
372.503477,1000,16.697578
346.397252,1000,21.357311
380.989649,1000,25.968602
342.437178,1000,30.267746
298.74137,1000,34.896297
415.045869,1000,39.572085
360.667095,1000,44.25884
