#{"env_id": "my_panda_free_space_traj", "t_start": 1584695063.2168574}
r,l,t
503.829736,1000,7.625472
502.159612,1000,12.010633
566.850049,1000,16.612726
392.536137,1000,21.111144
405.684155,1000,25.611989
524.21603,1000,30.040779
429.137799,1000,34.705675
358.426419,1000,39.149786
499.410803,1000,43.671918
