#{"env_id": "my_panda_free_space_traj", "t_start": 1584721911.0524497}
r,l,t
312.874606,1000,7.499608
287.169935,1000,11.856669
372.089458,1000,16.266094
355.138046,1000,20.72677
415.735198,1000,24.932459
333.056258,1000,29.367683
431.915283,1000,33.817217
342.895922,1000,38.287691
315.767447,1000,42.785138
