#{"env_id": "my_panda_free_space_traj", "t_start": 1584706586.3435218}
r,l,t
317.659966,1000,7.884673
302.027349,1000,12.23509
321.504046,1000,16.935387
386.713405,1000,21.426367
496.411197,1000,25.633659
374.768601,1000,30.24532
330.969454,1000,34.870631
483.128258,1000,39.302373
418.561031,1000,43.882904
