#{"env_id": "my_panda_free_space_traj", "t_start": 1584687227.317897}
r,l,t
404.298942,1000,7.81553
457.543747,1000,12.411053
521.645059,1000,17.25402
448.546884,1000,21.862149
487.675198,1000,26.564355
434.846372,1000,30.956419
444.900568,1000,35.587553
375.311472,1000,40.057286
393.844196,1000,44.588001
